-- 2. 插入配电房信息表数据
INSERT INTO `配电房信息表` (`配电房编号`, `名称`, `位置描述`, `电压等级`, `变压器数量`, `投运时间`, `负责人ID`, `联系方式`, `创建时间`, `更新时间`) VALUES
('PDF100', '总配电房', '园区A栋地下1层', '35kV/0.4kV', 2, '2023-01-15', 'USR100', '13800138100', '2026-01-01 10:00:00', '2026-01-01 10:00:00'),
('PDF101', '分配电房1', '园区B栋1层', '10kV/0.4kV', 1, '2023-03-20', 'USR101', '13800138101', '2026-01-01 10:00:00', '2026-01-01 10:00:00'),
('PDF102', '分配电房2', '园区C栋2层', '35kV/0.4kV', 3, '2023-05-25', 'USR102', '13800138102', '2026-01-01 10:00:00', '2026-01-01 10:00:00'),
('PDF103', '光伏配电房', '屋顶光伏区', '10kV/0.4kV', 1, '2023-07-30', 'USR103', '13800138103', '2026-01-01 10:00:00', '2026-01-01 10:00:00'),
('PDF104', '备用配电房', '园区备用区', '35kV/0.4kV', 2, '2023-09-10', 'USR104', '13800138104', '2026-01-01 10:00:00', '2026-01-01 10:00:00');

-- 3. 插入并网点信息表数据
INSERT INTO `并网点信息表` (`并网点编号`, `并网点名称`, `位置描述`, `并网电压等级`, `并网容量kW`, `投运时间`, `运行状态`, `创建时间`, `更新时间`) VALUES
('BGD100', '主并网点1', 'A区配电室', '10kV', 5000.00, '2023-01-15', '正常', '2026-01-01 10:00:00', '2026-01-01 10:00:00'),
('BGD101', '主并网点2', 'B区配电室', '10kV', 6000.00, '2023-02-20', '正常', '2026-01-01 10:00:00', '2026-01-01 10:00:00'),
('BGD102', '光伏并网点1', 'M区光伏站', '10kV', 2500.00, '2024-01-15', '正常', '2026-01-01 10:00:00', '2026-01-01 10:00:00'),
('BGD103', '光伏并网点2', 'N区光伏站', '10kV', 2800.00, '2024-02-20', '正常', '2026-01-01 10:00:00', '2026-01-01 10:00:00'),
('BGD104', '总并网点', '总配电中心', '35kV', 12000.00, '2023-01-01', '正常', '2026-01-01 10:00:00', '2026-01-01 10:00:00');

-- 4. 插入光伏设备信息表数据
INSERT INTO `光伏设备信息表` (`设备编号`, `设备类型`, `安装位置`, `装机容量`, `投运时间`, `校准周期`, `运行状态`, `通信协议`, `创建时间`, `更新时间`) VALUES
('INV-100', '逆变器', 'M区屋顶1号', '50kWp', '2024-01-20', 12, '正常', 'RS485', '2026-01-01 10:00:00', '2026-01-01 10:00:00'),
('INV-101', '逆变器', 'M区屋顶2号', '100kWp', '2024-01-25', 12, '正常', '以太网', '2026-01-01 10:00:00', '2026-01-01 10:00:00'),
('COMB-100', '汇流箱', 'M区屋顶1号', '200kWp', '2024-01-20', 24, '正常', 'RS485', '2026-01-01 10:00:00', '2026-01-01 10:00:00'),
('INV-102', '逆变器', 'N区屋顶1号', '80kWp', '2024-02-10', 12, '故障', 'Lora', '2026-01-01 10:00:00', '2026-01-01 10:00:00'),
('COMB-101', '汇流箱', 'N区屋顶1号', '300kWp', '2024-02-10', 24, '正常', '以太网', '2026-01-01 10:00:00', '2026-01-01 10:00:00');

-- 5. 插入能耗计量设备信息表数据
INSERT INTO `能耗计量设备信息表` (`设备编号`, `能源类型`, `安装位置`, `管径规格`, `通讯协议`, `运行状态`, `校准周期`, `生产厂家`, `创建时间`, `更新时间`) VALUES
('NH100', '水', '真旺厂A区', 'DN50', 'RS485', '正常', 12, '华仪科技', '2026-01-01 10:00:00', '2026-01-01 10:00:00'),
('NH101', '天然气', '真旺厂B区', 'DN100', 'Lora', '正常', 8, '上仪', '2026-01-01 10:00:00', '2026-01-01 10:00:00'),
('NH102', '蒸汽', '豆果厂A区', 'DN80', 'RS485', '正常', 10, '南自', '2026-01-01 10:00:00', '2026-01-01 10:00:00'),
('NH103', '水', 'A3厂区C区', 'DN65', 'Lora', '故障', 12, '华仪科技', '2026-01-01 10:00:00', '2026-01-01 10:00:00'),
('NH104', '天然气', '综合办公区', 'DN80', 'RS485', '正常', 6, '上仪', '2026-01-01 10:00:00', '2026-01-01 10:00:00');

-- 6. 插入设备台账数据表数据
INSERT INTO `设备台账数据表` (`台账编号`, `设备名称`, `设备类型`, `型号规格`, `安装时间`, `质保期（年）`, `维修记录`, `校准记录`, `报废状态`, `创建时间`, `更新时间`) VALUES
('TZ100', '35kV变压器A', '变压器', 'S11-M-2000/35', '2023-01-15 10:00:00', 10, NULL, '2024-12-20/张三', '正常使用', '2026-01-01 10:00:00', '2026-01-01 10:00:00'),
('TZ101', '光伏逆变器A', '逆变器', 'SG100KTL-M', '2024-01-20 09:00:00', 5, NULL, '2024-12-25/李四', '正常使用', '2026-01-01 10:00:00', '2026-01-01 10:00:00'),
('TZ102', '智能水表A', '水表', 'LXS-50E', '2023-03-15 14:00:00', 3, NULL, '2024-09-10/王五', '正常使用', '2026-01-01 10:00:00', '2026-01-01 10:00:00'),
('TZ103', '天然气流量计A', '天然气表', 'TDS-100H', '2023-05-20 11:00:00', 5, NULL, '2024-10-15/赵六', '正常使用', '2026-01-01 10:00:00', '2026-01-01 10:00:00'),
('TZ104', '蒸汽流量计A', '蒸汽表', 'LUGB-100', '2023-07-10 13:00:00', 4, NULL, '2024-11-20/孙七', '正常使用', '2026-01-01 10:00:00', '2026-01-01 10:00:00');

-- 7. 先插入一些告警数据，避免触发器生成过长的告警编号
INSERT INTO `告警信息表` (`告警编号`, `告警类型`, `关联设备编号`, `发生时间`, `告警等级`, `告警内容`, `处理状态`, `告警触发阈值`, `创建时间`) VALUES
('ALM100', '越限告警', 'BYQ-103', '2026-01-04 07:30:00', '中', '变压器绕组温度偏高', '未处理', '绕组温度阈值:85℃', '2026-01-04 07:30:00'),
('ALM101', '设备故障', 'INV-102', '2026-01-04 07:00:00', '高', '光伏逆变器故障', '处理中', '发电量阈值:>0', '2026-01-04 07:00:00'),
('ALM102', '越限告警', 'CIRCUIT-L1', '2026-01-04 06:45:00', '低', '回路电压接近上限', '未处理', '电压阈值:≤37kV', '2026-01-04 06:45:00'),
('ALM103', '设备故障', 'NH103', '2026-01-04 06:00:00', '中', '水表通讯故障', '已结案', '通讯状态:正常', '2026-01-04 06:00:00'),
('ALM104', '通讯故障', 'COMB-101', '2026-01-04 05:45:00', '低', '汇流箱通讯中断', '处理中', '通讯状态:正常', '2026-01-04 05:45:00');

-- 8. 插入回路监测数据表数据
INSERT INTO `回路监测数据表` (`数据编号`, `配电房编号`, `回路编号`, `采集时间`, `电压kV`, `电流A`, `有功功率kW`, `无功功率kVar`, `功率因数`, `正向有功电量kWh`, `反向有功电量kWh`, `开关状态`, `电缆头温度`, `电容器温度`, `数据状态`) VALUES
('HL100', 'PDF100', 'L1', '2026-01-04 08:00:00', 35.50, 150.50, 5000.25, 1200.75, 0.95, 12500.50, 25.75, '合闸', 45.5, 38.5, '正常'),
('HL101', 'PDF100', 'L2', '2026-01-04 08:05:00', 35.20, 180.75, 5200.80, 1100.25, 0.96, 12800.30, 28.90, '合闸', 48.2, 40.1, '正常'),
('HL102', 'PDF101', 'L1', '2026-01-04 08:10:00', 10.25, 85.30, 850.45, 150.75, 0.93, 2100.80, 5.25, '分闸', 42.3, 35.8, '正常'),
('HL103', 'PDF102', 'L1', '2026-01-04 08:15:00', 36.50, 200.45, 7500.60, 1800.90, 0.94, 18500.75, 45.20, '合闸', 55.2, 42.6, '正常'),
('HL104', 'PDF102', 'L2', '2026-01-04 08:20:00', 36.50, 175.80, 6800.35, 1600.45, 0.92, 16800.40, 38.75, '合闸', 52.8, 41.2, '正常');

-- 9. 插入变压器监测数据表数据
INSERT INTO `变压器监测数据表` (`数据编号`, `配电房编号`, `变压器编号`, `采集时间`, `负载率`, `绕组温度`, `铁芯温度`, `环境温度`, `环境湿度`, `运行状态`) VALUES
('BYQ100', 'PDF100', 'BYQ-100', '2026-01-04 08:00:00', 75.50, 82.5, 75.0, 25.5, 45.2, '正常'),
('BYQ101', 'PDF100', 'BYQ-101', '2026-01-04 08:05:00', 68.20, 78.8, 72.5, 26.0, 46.8, '正常'),
('BYQ102', 'PDF101', 'BYQ-102', '2026-01-04 08:10:00', 55.75, 72.5, 68.2, 24.8, 42.5, '正常'),
('BYQ103', 'PDF102', 'BYQ-103', '2026-01-04 08:15:00', 92.80, 88.5, 82.0, 27.5, 48.2, '正常'),
('BYQ104', 'PDF102', 'BYQ-104', '2026-01-04 08:20:00', 85.40, 85.2, 78.5, 26.8, 47.5, '正常');

-- 10. 插入光伏发电数据表数据
INSERT INTO `光伏发电数据表` (`数据编号`, `设备编号`, `并网点编号`, `采集时间`, `发电量kWh`, `上网电量kWh`, `自用电量kWh`, `逆变器效率`, `汇流箱组串电压V`, `组串电流A`) VALUES
('PV100', 'INV-100', 'BGD102', '2026-01-04 09:00:00', 25.50, 15.25, 10.25, 92.50, 650.25, 12.50),
('PV101', 'INV-100', 'BGD102', '2026-01-04 10:00:00', 30.75, 18.50, 12.25, 93.20, 655.80, 12.80),
('PV102', 'INV-101', 'BGD102', '2026-01-04 09:00:00', 48.25, 30.75, 17.50, 91.80, 660.45, 25.60),
('PV103', 'INV-101', 'BGD102', '2026-01-04 10:00:00', 52.80, 32.25, 20.55, 92.10, 662.80, 26.80),
('PV104', 'INV-102', 'BGD103', '2026-01-04 09:00:00', 0.00, 0.00, 0.00, 0.00, 0.00, 0.00);

-- 11. 插入光伏预测数据表数据
INSERT INTO `光伏预测数据表` (`预测编号`, `并网点编号`, `预测日期`, `预测时段`, `预测发电量kWh`, `实际发电量kWh`, `偏差率`, `预测模型版本`) VALUES
('PF100', 'BGD102', '2026-01-04', '09:00-10:00', 120.50, 115.25, -4.36, 'V1.2'),
('PF101', 'BGD102', '2026-01-04', '10:00-11:00', 135.75, 142.50, 4.74, 'V1.2'),
('PF102', 'BGD102', '2026-01-04', '11:00-12:00', 152.25, 165.80, 8.18, 'V1.2'),
('PF103', 'BGD103', '2026-01-04', '09:00-10:00', 85.20, 80.50, -5.52, 'V1.2'),
('PF104', 'BGD103', '2026-01-04', '10:00-11:00', 92.50, 105.30, 13.84, 'V1.2');

-- 12. 插入能耗监测数据表数据（修改数据质量避免触发告警）
INSERT INTO `能耗监测数据表` (`数据编号`, `设备编号`, `采集时间`, `能耗值`, `单位`, `数据质量`, `所属厂区编号`) VALUES
('EM100', 'NH100', '2026-01-04 08:00:00', 25.50, 'm³', '优', '真旺厂'),
('EM101', 'NH100', '2026-01-04 09:00:00', 26.75, 'm³', '优', '真旺厂'), -- 修改为优，避免波动过大
('EM102', 'NH101', '2026-01-04 08:00:00', 120.80, 'm³', '优', '真旺厂'),
('EM103', 'NH102', '2026-01-04 08:00:00', 15.25, 't', '优', '豆果厂'), -- 修改为优
('EM104', 'NH103', '2026-01-04 08:00:00', 12.50, 'm³', '优', 'A3厂区'); -- 修改为正常值和优

-- 13. 插入峰谷能耗数据表数据
INSERT INTO `峰谷能耗数据表` (`记录编号`, `能源类型`, `厂区编号`, `统计日期`, `尖峰时段能耗`, `高峰时段能耗`, `平段能耗`, `低谷时段能耗`, `总能耗`, `峰谷电价`, `能耗成本`) VALUES
('FG100', '电', '真旺厂', '2026-01-03', 1500.25, 2800.50, 1200.75, 800.30, 6301.80, 0.8500, 5356.53),
('FG101', '水', '真旺厂', '2026-01-03', 25.50, 45.25, 18.75, 12.30, 101.80, 3.5000, 356.30),
('FG102', '电', '豆果厂', '2026-01-03', 1800.75, 3200.25, 1500.50, 950.80, 7452.30, 0.8500, 6334.46),
('FG103', '蒸汽', 'A3厂区', '2026-01-03', 18.25, 32.50, 15.75, 9.80, 76.30, 200.0000, 15260.00),
('FG104', '天然气', '综合办公区', '2026-01-03', 85.20, 120.50, 65.30, 42.80, 313.80, 3.2000, 1004.16);

-- 14. 插入运维工单数据表数据
INSERT INTO `运维工单数据表` (`工单编号`, `告警编号`, `运维人员ID`, `派单时间`, `响应时间`, `处理完成时间`, `处理结果`, `复查状态`, `附件路径`) VALUES
('WO100', 'ALM101', 'USR102', '2026-01-04 07:05:00', '2026-01-04 07:30:00', '2026-01-04 09:00:00', '更换逆变器主板，恢复发电', '通过', '/attachments/wo100_1.jpg'),
('WO101', 'ALM103', 'USR102', '2026-01-04 06:05:00', '2026-01-04 06:30:00', '2026-01-04 07:45:00', '修复通讯线路，恢复数据采集', '通过', '/attachments/wo101_1.jpg'),
('WO102', 'ALM104', 'USR102', '2026-01-04 05:50:00', '2026-01-04 06:15:00', '2026-01-04 08:00:00', '更换通讯模块，恢复通讯', '通过', '/attachments/wo102_1.jpg'),
('WO103', 'ALM100', 'USR102', '2026-01-04 07:35:00', '2026-01-04 08:00:00', '2026-01-04 09:30:00', '检查变压器，温度恢复正常', '通过', '/attachments/wo103_1.jpg'),
('WO104', 'ALM102', 'USR102', '2026-01-04 06:50:00', '2026-01-04 07:15:00', '2026-01-04 08:45:00', '调整电压设置，恢复正常', '通过', '/attachments/wo104_1.jpg');

-- 15. 更新设备台账数据表的维修记录
UPDATE `设备台账数据表` SET `维修记录` = 'WO100' WHERE `台账编号` = 'TZ101';
UPDATE `设备台账数据表` SET `维修记录` = 'WO101' WHERE `台账编号` = 'TZ102';
UPDATE `设备台账数据表` SET `维修记录` = 'WO103' WHERE `台账编号` = 'TZ100';

-- 16. 插入大屏展示配置表数据
INSERT INTO `大屏展示配置表` (`配置编号`, `展示模块`, `数据刷新频率`, `展示字段`, `排序规则`, `权限等级`, `创建时间`, `更新时间`) VALUES
('DC100', '能源总览', '分钟', '总能耗,总用电量,总用水量,总蒸汽消耗量,总天然气消耗量', '按时间降序', '管理员', '2026-01-01 10:00:00', '2026-01-01 10:00:00'),
('DC101', '光伏总览', '秒', '光伏总发电量,光伏自用电量,逆变器效率,上网电量', '按发电量降序', '能源管理员', '2026-01-01 10:00:00', '2026-01-01 10:00:00'),
('DC102', '配电网运行状态', '分钟', '回路状态,变压器负载率,电压电流,功率因数', '按异常等级降序', '运维人员', '2026-01-01 10:00:00', '2026-01-01 10:00:00'),
('DC103', '告警统计', '秒', '高等级告警数,中等级告警数,低等级告警数,总告警次数', '按告警等级降序', '管理员', '2026-01-01 10:00:00', '2026-01-01 10:00:00'),
('DC104', '峰谷能耗分析', '分钟', '峰段占比,谷段占比,能耗成本,总能耗', '按成本降序', '能源管理员', '2026-01-01 10:00:00', '2026-01-01 10:00:00');

-- 17. 插入实时汇总数据表数据
INSERT INTO `实时汇总数据表` (`汇总编号`, `统计时间`, `总用电量kWh`, `总用水量m3`, `总蒸汽消耗量t`, `总天然气消耗量m3`, `光伏总发电量kWh`, `光伏自用电量kWh`, `总告警次数`, `高等级告警数`, `中等级告警数`, `低等级告警数`) VALUES
('SUM100', '2026-01-04 08:00:00', 25600.50, 85.25, 35.50, 256.80, 199.00, 75.25, 5, 1, 2, 2),
('SUM101', '2026-01-04 09:00:00', 27800.25, 98.50, 42.75, 285.30, 225.75, 85.50, 5, 1, 2, 2),
('SUM102', '2026-01-04 10:00:00', 29500.80, 112.80, 48.90, 310.25, 245.20, 92.75, 5, 1, 2, 2),
('SUM103', '2026-01-04 11:00:00', 31200.45, 125.30, 52.40, 328.50, 268.80, 102.25, 5, 1, 2, 2),
('SUM104', '2026-01-04 12:00:00', 32800.75, 138.20, 58.75, 345.80, 285.50, 108.50, 5, 1, 2, 2);

-- 18. 插入历史趋势数据表数据
INSERT INTO `历史趋势数据表` (`趋势编号`, `能源类型`, `统计周期`, `统计时间`, `能耗发电量数值`, `同比增长率`, `环比增长率`, `行业均值`) VALUES
('HT100', '电', '日', '2026-01-03', 32800.75, 5.20, -2.50, 31500.00),
('HT101', '水', '日', '2026-01-03', 138.20, -3.50, -1.80, 142.50),
('HT102', '光伏', '日', '2026-01-03', 285.50, 12.80, 6.25, 250.00),
('HT103', '电', '月', '2025-12-01', 985000.50, 8.50, 7.20, 920000.00),
('HT104', '天然气', '周', '2025-12-29', 2150.80, 4.80, 3.50, 2080.00);


-- 插入测试的告警规则
INSERT INTO `告警规则配置表` VALUES
('RULE-006', '光伏效率低下', '设备故障', '逆变器', '逆变器效率', '<', '85', '中', '光伏逆变器{设备编号}效率{实际值}%，低于阈值{阈值}%', 1, 'admin', NOW(), NOW()),
('RULE-007', '能耗数据异常', '越限告警', '能耗设备', '数据质量', '=', '差', '低', '能耗设备{设备编号}数据质量差，需校准', 1, 'admin', NOW(), NOW()),
('RULE-008', '回路功率因数低', '越限告警', '回路', '功率因数', '<', '0.85', '中', '回路{设备编号}功率因数{实际值}，低于阈值{阈值}', 1, 'admin', NOW(), NOW());
