-- ============================================
-- SmartEnergy智慧能源管理系统 - 测试数据（修正版）
-- 修正了表名和列名，确保与DDL一致
-- ============================================

USE smart_energy;

-- ======================== 配电房信息表 ========================
INSERT INTO `配电房信息表` (`配电房编号`,`名称`,`位置描述`,`电压等级`,`变压器数量`,`投运时间`,`负责人ID`,`联系方式`) VALUES 
('PDF001','配电房1','真旺厂 一期生产车间 主配电房','10kV/0.4kV',4,'2025-09-23','FZR001','13814668135'),
('PDF002','配电房2','真旺厂 二期生产车间 北侧配电室','10kV/0.4kV',5,'2025-09-13','FZR002','13875370459'),
('PDF003','配电房3','真旺厂 原料预处理区 东侧变电间','35kV/0.4kV',1,'2025-11-20','FZR003','13826349502'),
('PDF004','配电房4','真旺厂 成品仓库 西侧低压配电房','10kV/0.4kV',4,'2025-11-14','FZR004','13828372676'),
('PDF005','配电房5','真旺厂 锅炉房 专用配电室','35kV/0.4kV',2,'2025-10-15','FZR005','13885717229'),
('PDF006','配电房6','豆果厂 包装车间 地下1层配电室','35kV/0.4kV',1,'2025-10-06','FZR006','13833867805'),
('PDF007','配电房7','豆果厂 原料库 中央配电站','35kV/0.4kV',5,'2025-09-13','FZR007','13862739951'),
('PDF008','配电房8','豆果厂 动力中心 10kV配电间','35kV/0.4kV',1,'2025-10-27','FZR008','13851398304'),
('PDF009','配电房9','豆果厂 生活区 A栋地下配电房','35kV/0.4kV',1,'2025-09-23','FZR009','13867524435'),
('PDF010','配电房10','豆果厂 二期扩建区 变电所','10kV/0.4kV',5,'2025-10-03','FZR010','13897183659'),
('PDF011','配电房11','A3厂区 北区 仓储一号配电房','10kV/0.4kV',2,'2025-11-04','FZR011','13832942058'),
('PDF012','配电房12','A3厂区 北区 仓储二号配电房','10kV/0.4kV',1,'2025-12-01','FZR012','13888236955'),
('PDF013','配电房13','A3厂区 南区 厂房A东侧变电间','10kV/0.4kV',4,'2025-11-08','FZR013','13835812250'),
('PDF014','配电房14','A3厂区 南区 厂房B西侧配电室','35kV/0.4kV',5,'2025-10-04','FZR014','13847757664'),
('PDF015','配电房15','A3厂区 原料处理区 主变电站','10kV/0.4kV',3,'2025-10-02','FZR015','13826979562'),
('PDF016','配电房16','A3厂区 包装成品区 地下配电房','10kV/0.4kV',4,'2025-11-10','FZR016','13841145596'),
('PDF017','配电房17','A3厂区 风机房 专用配电室','35kV/0.4kV',2,'2025-11-01','FZR017','13876632948'),
('PDF018','配电房18','A3厂区 水泵房 控制配电间','35kV/0.4kV',4,'2025-11-24','FZR018','13830950096'),
('PDF019','配电房19','A3厂区 消防泵房 低压配电间','35kV/0.4kV',3,'2025-10-20','FZR019','13882733433'),
('PDF020','配电房20','A3厂区 综合仓库 配电站','35kV/0.4kV',3,'2025-11-15','FZR020','13878478792'),
('PDF021','配电房21','综合办公区 办公楼A 地下1层配电室','35kV/0.4kV',1,'2025-11-23','FZR021','13863248970'),
('PDF022','配电房22','综合办公区 办公楼B 地下配电间','35kV/0.4kV',2,'2025-10-21','FZR022','13882453783'),
('PDF023','配电房23','综合办公区 科研中心 靠南侧变电间','10kV/0.4kV',4,'2025-12-03','FZR023','13843536600'),
('PDF024','配电房24','综合办公区 科研楼 实验区配电室','35kV/0.4kV',2,'2025-11-07','FZR024','13831567670'),
('PDF025','配电房25','综合办公区 宿舍区1栋 北侧低压室','10kV/0.4kV',1,'2025-10-27','FZR025','13827388208'),
('PDF026','配电房26','综合办公区 宿舍区2栋 西侧低压室','10kV/0.4kV',1,'2025-10-15','FZR026','13836546296'),
('PDF027','配电房27','综合办公区 食堂一楼 配电房','10kV/0.4kV',1,'2025-10-10','FZR027','13833076473'),
('PDF028','配电房28','综合办公区 公共服务楼 变电所','35kV/0.4kV',2,'2025-11-07','FZR028','13898195984'),
('PDF029','配电房29','综合办公区 健身中心 配电室','10kV/0.4kV',5,'2025-11-27','FZR029','13811608797'),
('PDF030','配电房30','综合办公区 地下停车场 主配电房','10kV/0.4kV',2,'2025-09-09','FZR030','13831882123');

-- ======================== 光伏设备信息表（修正：原为"光伏设备信息"） ========================
INSERT INTO `光伏设备信息表` (`设备编号`,`设备类型`,`安装位置`,`装机容量`,`投运时间`,`校准周期`,`运行状态`,`通信协议`) VALUES 
('GF001','逆变器','屋顶1区','226kWp','2025-10-27',12,'正常','RS485'),
('GF002','组件组串','屋顶2区','194kWp','2025-09-22',6,'正常','Lora'),
('GF003','汇流箱','屋顶3区','521kWp','2025-10-22',12,'正常','以太网'),
('GF004','汇流箱','屋顶4区','116kWp','2025-10-13',12,'正常','以太网'),
('GF005','逆变器','屋顶5区','227kWp','2025-12-02',12,'正常','RS485'),
('GF006','逆变器','屋顶6区','551kWp','2025-10-28',6,'正常','RS485'),
('GF007','组件组串','屋顶7区','534kWp','2025-09-12',12,'正常','Lora'),
('GF008','汇流箱','屋顶8区','297kWp','2025-11-27',6,'正常','Lora'),
('GF009','组件组串','屋顶9区','227kWp','2025-10-11',12,'正常','以太网'),
('GF010','组件组串','屋顶10区','262kWp','2025-09-17',6,'故障','Lora'),
('GF011','逆变器','屋顶11区','180kWp','2025-11-15',12,'正常','RS485'),
('GF012','汇流箱','屋顶12区','150kWp','2025-10-05',12,'正常','以太网'),
('GF013','逆变器','屋顶13区','320kWp','2025-09-20',6,'正常','Lora'),
('GF014','组件组串','屋顶14区','280kWp','2025-11-10',12,'正常','RS485'),
('GF015','汇流箱','屋顶15区','200kWp','2025-10-25',12,'正常','以太网'),
('GF016','逆变器','屋顶16区','400kWp','2025-09-30',6,'离线','Lora'),
('GF017','组件组串','屋顶17区','350kWp','2025-11-05',12,'正常','RS485'),
('GF018','汇流箱','屋顶18区','250kWp','2025-10-15',12,'正常','以太网'),
('GF019','逆变器','屋顶19区','380kWp','2025-09-25',6,'正常','Lora'),
('GF020','组件组串','屋顶20区','290kWp','2025-11-20',12,'正常','RS485');

-- ======================== 能耗计量设备信息表（修正：原为"能耗计量设备信息"） ========================
INSERT INTO `能耗计量设备信息表` (`设备编号`,`能源类型`,`安装位置`,`管径规格`,`通讯协议`,`运行状态`,`校准周期`,`生产厂家`) VALUES 
('NH001','水','豆果厂 西北角','DN50','Lora','正常',12,'上仪'),
('NH002','天然气','综合办公区 中部','DN50','Lora','正常',8,'上仪'),
('NH003','水','A3厂区 西南角','DN50','RS485','正常',9,'上仪'),
('NH004','天然气','豆果厂 东北角','DN50','RS485','正常',15,'南自'),
('NH005','蒸汽','综合办公区 西南角','DN25','RS485','正常',12,'上仪'),
('NH006','天然气','真旺厂 东南角','DN100','Lora','正常',17,'上仪'),
('NH007','水','综合办公区 西北角','DN110','Lora','正常',19,'华仪科技'),
('NH008','水','A3厂区 东北角','DN50','RS485','正常',13,'上仪'),
('NH009','水','A3厂区 西北角','DN110','RS485','正常',22,'南自'),
('NH010','蒸汽','A3厂区 中部','DN100','Lora','正常',24,'上仪'),
('NH011','天然气','豆果厂 西南角','DN100','Lora','正常',13,'南自'),
('NH012','水','真旺厂 西北角','DN100','RS485','正常',18,'上仪'),
('NH013','蒸汽','豆果厂 东南角','DN100','RS485','正常',6,'上仪'),
('NH014','蒸汽','真旺厂 西南角','DN100','Lora','正常',9,'华仪科技'),
('NH015','水','综合办公区 中部','DN110','RS485','正常',6,'上仪'),
('NH016','蒸汽','豆果厂 西南角','DN100','RS485','正常',24,'上仪'),
('NH017','天然气','真旺厂 中部','DN50','Lora','正常',10,'上仪'),
('NH018','水','真旺厂 东北角','DN50','RS485','正常',11,'南自'),
('NH019','天然气','A3厂区 东南角','DN100','Lora','正常',14,'华仪科技'),
('NH020','蒸汽','真旺厂 北部','DN100','RS485','正常',16,'上仪');

-- ======================== 用户表 ========================
-- 注意：所有测试用户的密码都是 "123456"
-- SHA-256哈希值: 8d969eef6ecad3c29a3a629280e686cf0c3f5d5a86aff3ca12020c923adc6c92
-- 登录时请输入原始密码: 123456
INSERT INTO `用户表` (`用户ID`,`姓名`,`密码`,`角色`) VALUES 
('001','用户1','8d969eef6ecad3c29a3a629280e686cf0c3f5d5a86aff3ca12020c923adc6c92','能源管理员'),
('002','用户2','8d969eef6ecad3c29a3a629280e686cf0c3f5d5a86aff3ca12020c923adc6c92','运维工单管理员'),
('003','用户3','8d969eef6ecad3c29a3a629280e686cf0c3f5d5a86aff3ca12020c923adc6c92','数据分析师'),
('004','用户4','8d969eef6ecad3c29a3a629280e686cf0c3f5d5a86aff3ca12020c923adc6c92','系统管理员'),
('005','用户5','8d969eef6ecad3c29a3a629280e686cf0c3f5d5a86aff3ca12020c923adc6c92','企业管理层'),
('006','用户6','8d969eef6ecad3c29a3a629280e686cf0c3f5d5a86aff3ca12020c923adc6c92','运维人员'),
('007','用户7','8d969eef6ecad3c29a3a629280e686cf0c3f5d5a86aff3ca12020c923adc6c92','运维工单管理员'),
('008','用户8','8d969eef6ecad3c29a3a629280e686cf0c3f5d5a86aff3ca12020c923adc6c92','运维工单管理员'),
('009','用户9','8d969eef6ecad3c29a3a629280e686cf0c3f5d5a86aff3ca12020c923adc6c92','运维工单管理员'),
('010','用户10','8d969eef6ecad3c29a3a629280e686cf0c3f5d5a86aff3ca12020c923adc6c92','运维工单管理员'),
('011','用户11','8d969eef6ecad3c29a3a629280e686cf0c3f5d5a86aff3ca12020c923adc6c92','能源管理员'),
('012','用户12','8d969eef6ecad3c29a3a629280e686cf0c3f5d5a86aff3ca12020c923adc6c92','系统管理员'),
('013','用户13','8d969eef6ecad3c29a3a629280e686cf0c3f5d5a86aff3ca12020c923adc6c92','数据分析师'),
('014','用户14','8d969eef6ecad3c29a3a629280e686cf0c3f5d5a86aff3ca12020c923adc6c92','企业管理层'),
('015','用户15','8d969eef6ecad3c29a3a629280e686cf0c3f5d5a86aff3ca12020c923adc6c92','运维人员'),
('016','用户16','8d969eef6ecad3c29a3a629280e686cf0c3f5d5a86aff3ca12020c923adc6c92','能源管理员'),
('017','用户17','8d969eef6ecad3c29a3a629280e686cf0c3f5d5a86aff3ca12020c923adc6c92','运维人员'),
('018','用户18','8d969eef6ecad3c29a3a629280e686cf0c3f5d5a86aff3ca12020c923adc6c92','数据分析师'),
('019','用户19','8d969eef6ecad3c29a3a629280e686cf0c3f5d5a86aff3ca12020c923adc6c92','企业管理层'),
('020','用户20','8d969eef6ecad3c29a3a629280e686cf0c3f5d5a86aff3ca12020c923adc6c92','系统管理员');

-- ======================== 回路监测数据表 ========================
-- 注意：数据编号需要唯一，配电房编号需要引用已存在的配电房
INSERT INTO `回路监测数据表` (`数据编号`,`配电房编号`,`回路编号`,`采集时间`,`电压kV`,`电流A`,`有功功率kW`,`无功功率kVar`,`功率因数`,`正向有功电量kWh`,`反向有功电量kWh`,`开关状态`,`电缆头温度`,`电容器温度`) VALUES 
('HL001','PDF026','L4','2025-11-09 01:00:21',10.34,401.20,7044.49,1430.44,0.98,6337.18,198.85,'合闸',52.7,47.5),
('HL002','PDF019','L5','2025-11-23 15:02:21',33.01,148.49,7979.83,2896.29,0.94,5204.37,83.90,'合闸',51.5,35.7),
('HL003','PDF017','L5','2025-11-20 11:53:21',36.48,584.97,35477.36,10347.56,0.96,32365.54,1532.29,'合闸',35.8,43.1),
('HL004','PDF001','L6','2025-12-01 11:17:21',10.28,222.08,3794.72,1106.79,0.96,2843.93,86.60,'合闸',46.2,44.4),
('HL005','PDF029','L4','2025-12-03 18:10:21',10.66,278.41,4936.03,1439.68,0.96,4156.07,35.89,'分闸',35.1,40.9),
('HL006','PDF025','L4','2025-11-12 13:58:21',10.34,183.19,2951.95,1429.70,0.90,2576.56,67.11,'分闸',53.8,58.8),
('HL007','PDF023','L3','2025-11-12 12:15:21',10.00,381.75,5618.15,3481.82,0.85,2923.21,60.01,'分闸',36.9,38.0),
('HL008','PDF007','L3','2025-11-18 07:34:21',32.70,110.19,6053.09,1517.05,0.97,4676.51,164.68,'分闸',50.9,34.0),
('HL009','PDF001','L2','2025-11-19 01:05:21',9.85,552.80,9244.50,1877.18,0.98,5771.96,245.97,'分闸',39.5,36.5),
('HL010','PDF030','L4','2025-11-21 09:15:21',9.94,484.99,7183.73,4262.58,0.86,1884.26,81.50,'分闸',41.0,33.0),
('HL011','PDF006','L3','2025-11-19 10:53:21',34.95,292.66,15060.21,9333.48,0.85,7439.46,367.82,'分闸',53.5,54.5),
('HL012','PDF025','L3','2025-11-20 21:38:21',9.85,422.84,6639.21,2828.29,0.92,3730.49,145.56,'分闸',54.2,58.6),
('HL013','PDF002','L1','2025-11-13 19:11:21',9.75,419.97,6171.20,3497.38,0.87,5296.16,175.67,'分闸',40.6,41.3),
('HL014','PDF014','L5','2025-11-30 14:50:21',32.66,599.30,29829.34,16100.17,0.88,25750.97,82.15,'合闸',36.5,56.0),
('HL015','PDF005','L1','2025-11-22 02:33:21',35.51,537.79,30102.74,13715.22,0.91,25289.35,1093.34,'分闸',54.4,30.3),
('HL016','PDF030','L2','2025-11-12 10:53:21',9.98,294.14,4370.54,2593.33,0.86,2357.69,111.71,'合闸',35.6,51.2),
('HL017','PDF026','L5','2025-11-19 17:57:21',9.52,150.46,2158.02,1223.00,0.87,1621.74,44.43,'分闸',39.2,53.0),
('HL018','PDF016','L1','2025-11-05 06:22:21',10.19,415.94,6311.12,3744.80,0.86,5925.29,199.07,'合闸',48.0,31.3),
('HL019','PDF002','L5','2025-11-26 21:45:21',9.34,430.13,5917.23,3667.17,0.85,2702.46,106.50,'合闸',50.6,47.1),
('HL020','PDF024','L1','2025-11-14 12:46:21',36.25,378.75,23778.91,0.00,1.00,21718.02,87.24,'分闸',54.3,40.1),
('HL021','PDF001','L1','2025-11-11 03:55:21',9.43,490.62,7775.92,1948.83,0.97,3534.42,39.12,'合闸',37.8,35.4),
('HL022','PDF008','L1','2025-11-06 09:40:21',33.23,436.80,22876.99,10423.07,0.91,18740.88,358.64,'合闸',36.6,30.3),
('HL023','PDF008','L3','2025-11-27 00:14:21',37.15,256.84,16362.48,2331.53,0.99,13755.35,612.09,'分闸',50.4,35.4),
('HL024','PDF018','L5','2025-11-30 09:03:21',34.26,276.65,14444.41,7796.27,0.88,13715.57,516.85,'合闸',39.2,47.5),
('HL025','PDF020','L4','2025-11-09 01:35:21',32.99,163.98,8056.79,4780.62,0.86,4867.73,212.52,'合闸',41.6,47.9),
('HL026','PDF010','L4','2025-11-21 21:46:21',9.63,576.93,9522.51,1356.88,0.99,2788.09,60.57,'分闸',36.9,32.2),
('HL027','PDF028','L1','2025-11-12 11:15:21',33.49,578.74,29542.63,15945.42,0.88,28559.01,986.58,'分闸',39.4,49.6),
('HL028','PDF007','L2','2025-11-29 13:30:21',36.95,157.03,9043.78,4380.10,0.90,2790.73,94.79,'合闸',61.3,38.8),
('HL029','PDF022','L1','2025-11-04 17:25:21',33.26,552.59,31194.50,6334.31,0.98,21948.21,225.45,'分闸',69.8,52.2),
('HL030','PDF006','L1','2025-12-03 05:22:21',32.14,74.57,4068.68,826.18,0.98,1991.93,75.35,'分闸',52.4,51.6),
('HL031','PDF001','L3','2025-11-09 23:53:21',9.42,145.85,2189.23,932.61,0.92,827.91,21.29,'分闸',39.7,39.3),
('HL032','PDF024','L3','2025-11-08 12:17:21',34.35,272.81,14769.54,6729.20,0.91,4131.44,91.41,'分闸',47.5,40.5),
('HL033','PDF003','L2','2025-11-10 08:30:21',35.20,200.50,12000.00,5000.00,0.92,10000.00,200.00,'合闸',45.0,42.0);

SELECT '测试数据插入完成（修正版）！' AS message;


