-- ============================================
-- SmartEnergy智慧能源管理系统 - 测试数据
-- 每张表至少20条测试数据
-- ============================================

USE smart_energy;

-- ============================================
-- 1. 用户表测试数据（20条）
-- ============================================
INSERT INTO `用户表` (`用户ID`, `姓名`, `密码`, `角色`) VALUES
('001', '张三', MD5('admin123'), '系统管理员'),
('002', '李四', MD5('energy123'), '能源管理员'),
('003', '王五', MD5('maintain123'), '运维人员'),
('004', '赵六', MD5('data123'), '数据分析师'),
('005', '钱七', MD5('manager123'), '企业管理层'),
('006', '孙八', MD5('order123'), '运维工单管理员'),
('007', '周九', MD5('energy456'), '能源管理员'),
('008', '吴十', MD5('maintain456'), '运维人员'),
('009', '郑一', MD5('data456'), '数据分析师'),
('010', '王二', MD5('maintain789'), '运维人员'),
('011', '李三', MD5('energy789'), '能源管理员'),
('012', '张四', MD5('maintain012'), '运维人员'),
('013', '刘五', MD5('data789'), '数据分析师'),
('014', '陈六', MD5('manager456'), '企业管理层'),
('015', '杨七', MD5('order456'), '运维工单管理员'),
('016', '黄八', MD5('energy012'), '能源管理员'),
('017', '周九', MD5('maintain345'), '运维人员'),
('018', '吴十', MD5('data012'), '数据分析师'),
('019', '徐一', MD5('manager789'), '企业管理层'),
('020', '朱二', MD5('order789'), '运维工单管理员');

-- ============================================
-- 2. 配电房信息表测试数据（20条）
-- ============================================
INSERT INTO `配电房信息表` (`配电房编号`, `名称`, `位置描述`, `电压等级`, `变压器数量`, `投运时间`, `负责人ID`, `联系方式`) VALUES
('PD-35kV-001', '总配电房', '真旺厂A栋地下1层', '35kV/0.4kV', 3, '2020-01-15', '001', '13800138001'),
('PD-35kV-002', '分配电房1', '真旺厂B栋1层', '35kV/0.4kV', 2, '2020-03-20', '002', '13800138002'),
('PD-10kV-001', '分配电房2', '豆果厂C栋地下1层', '10kV/0.4kV', 2, '2020-05-10', '003', '13800138003'),
('PD-35kV-003', '分配电房3', 'A3厂区D栋1层', '35kV/0.4kV', 4, '2020-07-25', '004', '13800138004'),
('PD-10kV-002', '分配电房4', '真旺厂E栋2层', '10kV/0.4kV', 1, '2020-09-12', '005', '13800138005'),
('PD-35kV-004', '分配电房5', '豆果厂F栋地下1层', '35kV/0.4kV', 3, '2021-01-08', '006', '13800138006'),
('PD-10kV-003', '分配电房6', 'A3厂区G栋1层', '10kV/0.4kV', 2, '2021-03-15', '007', '13800138007'),
('PD-35kV-005', '分配电房7', '真旺厂H栋地下1层', '35kV/0.4kV', 2, '2021-05-22', '008', '13800138008'),
('PD-10kV-004', '分配电房8', '豆果厂I栋2层', '10kV/0.4kV', 1, '2021-07-30', '009', '13800138009'),
('PD-35kV-006', '分配电房9', 'A3厂区J栋地下1层', '35kV/0.4kV', 3, '2021-09-18', '010', '13800138010'),
('PD-10kV-005', '分配电房10', '真旺厂K栋1层', '10kV/0.4kV', 2, '2022-01-05', '011', '13800138011'),
('PD-35kV-007', '分配电房11', '豆果厂L栋地下1层', '35kV/0.4kV', 4, '2022-03-12', '012', '13800138012'),
('PD-10kV-006', '分配电房12', 'A3厂区M栋2层', '10kV/0.4kV', 1, '2022-05-20', '013', '13800138013'),
('PD-35kV-008', '分配电房13', '真旺厂N栋地下1层', '35kV/0.4kV', 2, '2022-07-28', '014', '13800138014'),
('PD-10kV-007', '分配电房14', '豆果厂O栋1层', '10kV/0.4kV', 3, '2022-09-15', '015', '13800138015'),
('PD-35kV-009', '分配电房15', 'A3厂区P栋地下1层', '35kV/0.4kV', 2, '2023-01-10', '016', '13800138016'),
('PD-10kV-008', '分配电房16', '真旺厂Q栋2层', '10kV/0.4kV', 1, '2023-03-18', '017', '13800138017'),
('PD-35kV-010', '分配电房17', '豆果厂R栋地下1层', '35kV/0.4kV', 3, '2023-05-25', '018', '13800138018'),
('PD-10kV-009', '分配电房18', 'A3厂区S栋1层', '10kV/0.4kV', 2, '2023-07-30', '019', '13800138019'),
('PD-35kV-011', '分配电房19', '真旺厂T栋地下1层', '35kV/0.4kV', 4, '2023-09-20', '020', '13800138020');

-- ============================================
-- 3. 回路监测数据表测试数据（20条）
-- ============================================
INSERT INTO `回路监测数据表` (`数据编号`, `配电房编号`, `回路编号`, `采集时间`, `电压kV`, `电流A`, `有功功率kW`, `无功功率kVar`, `功率因数`, `正向有功电量kWh`, `反向有功电量kWh`, `开关状态`, `电缆头温度`, `电容器温度`, `数据状态`) VALUES
('HL-001-202501011200', 'PD-35kV-001', 'L1', '2025-01-01 12:00:00', 35.2, 150.5, 850.3, 120.5, 0.92, 10250.5, 50.2, '合闸', 75.5, 60.2, '正常'),
('HL-001-202501011205', 'PD-35kV-001', 'L1', '2025-01-01 12:05:00', 35.3, 152.0, 860.5, 125.0, 0.91, 10260.8, 51.0, '合闸', 76.0, 61.0, '正常'),
('HL-002-202501011200', 'PD-35kV-001', 'L2', '2025-01-01 12:00:00', 35.1, 145.8, 820.5, 115.2, 0.93, 9850.2, 45.5, '合闸', 74.5, 59.5, '正常'),
('HL-002-202501011205', 'PD-35kV-001', 'L2', '2025-01-01 12:05:00', 35.4, 148.2, 835.8, 118.5, 0.92, 9865.5, 46.2, '合闸', 75.0, 60.0, '正常'),
('HL-001-202501011200', 'PD-35kV-002', 'L1', '2025-01-01 12:00:00', 35.0, 140.0, 780.5, 110.2, 0.94, 9200.5, 40.0, '合闸', 73.0, 58.0, '正常'),
('HL-001-202501011205', 'PD-35kV-002', 'L1', '2025-01-01 12:05:00', 35.2, 142.5, 795.8, 112.5, 0.93, 9215.8, 41.2, '合闸', 73.5, 58.5, '正常'),
('HL-001-202501011200', 'PD-10kV-001', 'L1', '2025-01-01 12:00:00', 0.40, 280.5, 180.5, 25.5, 0.90, 2150.5, 15.2, '合闸', 65.5, 55.2, '正常'),
('HL-001-202501011205', 'PD-10kV-001', 'L1', '2025-01-01 12:05:00', 0.41, 285.0, 185.2, 26.0, 0.89, 2165.8, 16.0, '合闸', 66.0, 55.8, '正常'),
('HL-001-202501011200', 'PD-35kV-003', 'L1', '2025-01-01 12:00:00', 35.5, 160.5, 920.5, 130.5, 0.91, 11050.5, 55.2, '合闸', 78.5, 62.5, '正常'),
('HL-001-202501011205', 'PD-35kV-003', 'L1', '2025-01-01 12:05:00', 35.6, 162.0, 935.8, 132.0, 0.90, 11065.8, 56.0, '合闸', 79.0, 63.0, '正常'),
('HL-002-202501011200', 'PD-35kV-003', 'L2', '2025-01-01 12:00:00', 35.3, 155.8, 890.5, 125.8, 0.92, 10650.2, 50.5, '合闸', 77.5, 61.5, '正常'),
('HL-002-202501011205', 'PD-35kV-003', 'L2', '2025-01-01 12:05:00', 35.4, 158.2, 905.8, 128.5, 0.91, 10665.5, 51.2, '合闸', 78.0, 62.0, '正常'),
('HL-001-202501011200', 'PD-10kV-002', 'L1', '2025-01-01 12:00:00', 0.39, 250.5, 160.5, 22.5, 0.91, 1950.5, 12.2, '合闸', 64.5, 54.2, '正常'),
('HL-001-202501011205', 'PD-10kV-002', 'L1', '2025-01-01 12:05:00', 0.40, 255.0, 165.2, 23.0, 0.90, 1965.8, 13.0, '合闸', 65.0, 54.8, '正常'),
('HL-001-202501011200', 'PD-35kV-004', 'L1', '2025-01-01 12:00:00', 35.1, 148.5, 850.5, 120.2, 0.92, 10200.5, 48.2, '合闸', 75.5, 60.2, '正常'),
('HL-001-202501011205', 'PD-35kV-004', 'L1', '2025-01-01 12:05:00', 35.2, 150.0, 865.8, 122.5, 0.91, 10215.8, 49.0, '合闸', 76.0, 60.8, '正常'),
('HL-002-202501011200', 'PD-35kV-004', 'L2', '2025-01-01 12:00:00', 35.0, 145.8, 835.5, 118.2, 0.93, 10050.2, 47.5, '合闸', 74.5, 59.5, '正常'),
('HL-002-202501011205', 'PD-35kV-004', 'L2', '2025-01-01 12:05:00', 35.3, 148.2, 850.8, 120.5, 0.92, 10065.5, 48.2, '合闸', 75.0, 60.0, '正常'),
('HL-001-202501011200', 'PD-10kV-003', 'L1', '2025-01-01 12:00:00', 0.41, 290.5, 190.5, 27.5, 0.89, 2250.5, 18.2, '合闸', 67.5, 56.2, '正常'),
('HL-001-202501011205', 'PD-10kV-003', 'L1', '2025-01-01 12:05:00', 0.42, 295.0, 195.2, 28.0, 0.88, 2265.8, 19.0, '合闸', 68.0, 56.8, '正常');

-- ============================================
-- 4. 变压器监测数据表测试数据（20条）
-- ============================================
INSERT INTO `变压器监测数据表` (`数据编号`, `配电房编号`, `变压器编号`, `采集时间`, `负载率`, `绕组温度`, `铁芯温度`, `环境温度`, `环境湿度`, `运行状态`) VALUES
('BYSQ-001-202501011200', 'PD-35kV-001', 'BYSQ-001', '2025-01-01 12:00:00', 75.5, 82.5, 78.5, 25.5, 55.2, '正常'),
('BYSQ-001-202501011215', 'PD-35kV-001', 'BYSQ-001', '2025-01-01 12:15:00', 76.2, 83.0, 79.0, 25.8, 55.5, '正常'),
('BYSQ-002-202501011200', 'PD-35kV-001', 'BYSQ-002', '2025-01-01 12:00:00', 72.8, 80.5, 76.5, 25.5, 55.2, '正常'),
('BYSQ-002-202501011215', 'PD-35kV-001', 'BYSQ-002', '2025-01-01 12:15:00', 73.5, 81.0, 77.0, 25.8, 55.5, '正常'),
('BYSQ-003-202501011200', 'PD-35kV-001', 'BYSQ-003', '2025-01-01 12:00:00', 70.2, 78.5, 74.5, 25.5, 55.2, '正常'),
('BYSQ-001-202501011200', 'PD-35kV-002', 'BYSQ-001', '2025-01-01 12:00:00', 68.5, 76.5, 72.5, 24.5, 54.2, '正常'),
('BYSQ-001-202501011215', 'PD-35kV-002', 'BYSQ-001', '2025-01-01 12:15:00', 69.2, 77.0, 73.0, 24.8, 54.5, '正常'),
('BYSQ-002-202501011200', 'PD-35kV-002', 'BYSQ-002', '2025-01-01 12:00:00', 65.8, 74.5, 70.5, 24.5, 54.2, '正常'),
('BYSQ-001-202501011200', 'PD-10kV-001', 'BYSQ-001', '2025-01-01 12:00:00', 55.2, 65.5, 61.5, 23.5, 53.2, '正常'),
('BYSQ-001-202501011215', 'PD-10kV-001', 'BYSQ-001', '2025-01-01 12:15:00', 56.0, 66.0, 62.0, 23.8, 53.5, '正常'),
('BYSQ-001-202501011200', 'PD-35kV-003', 'BYSQ-001', '2025-01-01 12:00:00', 80.5, 88.5, 84.5, 26.5, 56.2, '正常'),
('BYSQ-001-202501011215', 'PD-35kV-003', 'BYSQ-001', '2025-01-01 12:15:00', 81.2, 89.0, 85.0, 26.8, 56.5, '正常'),
('BYSQ-002-202501011200', 'PD-35kV-003', 'BYSQ-002', '2025-01-01 12:00:00', 78.8, 86.5, 82.5, 26.5, 56.2, '正常'),
('BYSQ-002-202501011215', 'PD-35kV-003', 'BYSQ-002', '2025-01-01 12:15:00', 79.5, 87.0, 83.0, 26.8, 56.5, '正常'),
('BYSQ-003-202501011200', 'PD-35kV-003', 'BYSQ-003', '2025-01-01 12:00:00', 76.2, 84.5, 80.5, 26.5, 56.2, '正常'),
('BYSQ-003-202501011215', 'PD-35kV-003', 'BYSQ-003', '2025-01-01 12:15:00', 77.0, 85.0, 81.0, 26.8, 56.5, '正常'),
('BYSQ-004-202501011200', 'PD-35kV-003', 'BYSQ-004', '2025-01-01 12:00:00', 74.5, 82.5, 78.5, 26.5, 56.2, '正常'),
('BYSQ-001-202501011200', 'PD-10kV-002', 'BYSQ-001', '2025-01-01 12:00:00', 50.2, 60.5, 56.5, 22.5, 52.2, '正常'),
('BYSQ-001-202501011215', 'PD-10kV-002', 'BYSQ-001', '2025-01-01 12:15:00', 51.0, 61.0, 57.0, 22.8, 52.5, '正常'),
('BYSQ-001-202501011200', 'PD-35kV-004', 'BYSQ-001', '2025-01-01 12:00:00', 73.5, 81.5, 77.5, 25.5, 55.2, '正常');

-- ============================================
-- 5. 光伏设备信息表测试数据（20条）
-- ============================================
INSERT INTO `光伏设备信息表` (`设备编号`, `设备类型`, `安装位置`, `装机容量`, `投运时间`, `校准周期`, `运行状态`, `通信协议`) VALUES
('SD-PV-001', '逆变器', '屋顶区域A1', '100kWp', '2020-06-01', 12, '正常', 'RS485'),
('SD-PV-002', '逆变器', '屋顶区域A2', '100kWp', '2020-06-01', 12, '正常', 'RS485'),
('SD-PV-003', '汇流箱', '屋顶区域A1', '50kWp', '2020-06-01', 12, '正常', 'RS485'),
('SD-PV-004', '汇流箱', '屋顶区域A2', '50kWp', '2020-06-01', 12, '正常', 'RS485'),
('SD-PV-005', '逆变器', '屋顶区域B1', '150kWp', '2021-03-15', 12, '正常', 'Lora'),
('SD-PV-006', '逆变器', '屋顶区域B2', '150kWp', '2021-03-15', 12, '正常', 'Lora'),
('SD-PV-007', '汇流箱', '屋顶区域B1', '75kWp', '2021-03-15', 12, '正常', 'Lora'),
('SD-PV-008', '汇流箱', '屋顶区域B2', '75kWp', '2021-03-15', 12, '正常', 'Lora'),
('SD-PV-009', '逆变器', '屋顶区域C1', '200kWp', '2021-09-20', 12, '正常', '以太网'),
('SD-PV-010', '逆变器', '屋顶区域C2', '200kWp', '2021-09-20', 12, '正常', '以太网'),
('SD-PV-011', '汇流箱', '屋顶区域C1', '100kWp', '2021-09-20', 12, '正常', '以太网'),
('SD-PV-012', '汇流箱', '屋顶区域C2', '100kWp', '2021-09-20', 12, '正常', '以太网'),
('SD-PV-013', '逆变器', '屋顶区域D1', '120kWp', '2022-05-10', 12, '故障', 'RS485'),
('SD-PV-014', '逆变器', '屋顶区域D2', '120kWp', '2022-05-10', 12, '正常', 'RS485'),
('SD-PV-015', '汇流箱', '屋顶区域D1', '60kWp', '2022-05-10', 12, '正常', 'RS485'),
('SD-PV-016', '汇流箱', '屋顶区域D2', '60kWp', '2022-05-10', 12, '正常', 'RS485'),
('SD-PV-017', '逆变器', '屋顶区域E1', '180kWp', '2022-11-25', 12, '离线', 'Lora'),
('SD-PV-018', '逆变器', '屋顶区域E2', '180kWp', '2022-11-25', 12, '正常', 'Lora'),
('SD-PV-019', '汇流箱', '屋顶区域E1', '90kWp', '2022-11-25', 12, '正常', 'Lora'),
('SD-PV-020', '汇流箱', '屋顶区域E2', '90kWp', '2022-11-25', 12, '正常', 'Lora');

-- 注意：由于测试数据量很大，这里只展示了部分表的数据
-- 其他表（光伏发电数据、能耗监测数据、告警信息等）的测试数据可以按照类似方式生成
-- 每张表至少需要20条数据

SELECT '测试数据插入完成（部分表）！' AS message;

