-- ============================================
-- SmartEnergy智慧能源管理系统 - 完整测试数据
-- 为每个表创建至少30条合理的数据记录
-- ============================================

USE smart_energy;

-- ======================== 用户表（补充到30条） ========================
INSERT INTO `用户表` (`用户ID`,`姓名`,`密码`,`角色`) VALUES
('031','李伟','8d969eef6ecad3c29a3a629280e686cf0c3f5d5a86aff3ca12020c923adc6c92','能源管理员'),
('032','王芳','8d969eef6ecad3c29a3a629280e686cf0c3f5d5a86aff3ca12020c923adc6c92','运维人员'),
('033','张明','8d969eef6ecad3c29a3a629280e686cf0c3f5d5a86aff3ca12020c923adc6c92','数据分析师'),
('034','刘静','8d969eef6ecad3c29a3a629280e686cf0c3f5d5a86aff3ca12020c923adc6c92','企业管理层'),
('035','陈军','8d969eef6ecad3c29a3a629280e686cf0c3f5d5a86aff3ca12020c923adc6c92','系统管理员'),
('036','杨丽','8d969eef6ecad3c29a3a629280e686cf0c3f5d5a86aff3ca12020c923adc6c92','运维工单管理员'),
('037','赵强','8d969eef6ecad3c29a3a629280e686cf0c3f5d5a86aff3ca12020c923adc6c92','能源管理员'),
('038','孙红','8d969eef6ecad3c29a3a629280e686cf0c3f5d5a86aff3ca12020c923adc6c92','运维人员'),
('039','周伟','8d969eef6ecad3c29a3a629280e686cf0c3f5d5a86aff3ca12020c923adc6c92','数据分析师'),
('040','吴娟','8d969eef6ecad3c29a3a629280e686cf0c3f5d5a86aff3ca12020c923adc6c92','企业管理层');

-- ======================== 并网点信息表 ========================
INSERT INTO `并网点信息表` (`并网点编号`,`并网点名称`,`位置描述`,`并网电压等级`,`并网容量kW`,`投运时间`) VALUES
('BGD001','主并网点1','真旺厂西北侧','35kV',5000.00,'2025-09-15'),
('BGD002','主并网点2','豆果厂东北侧','35kV',4500.00,'2025-09-20'),
('BGD003','主并网点3','A3厂区西南侧','10kV',3200.00,'2025-10-01'),
('BGD004','分布式并网点1','真旺厂屋顶区','10kV',800.00,'2025-10-05'),
('BGD005','分布式并网点2','豆果厂屋顶区','10kV',1200.00,'2025-10-10'),
('BGD006','分布式并网点3','A3厂区屋顶区','10kV',950.00,'2025-10-15'),
('BGD007','分布式并网点4','综合办公区屋顶','10kV',650.00,'2025-10-20'),
('BGD008','分布式并网点5','仓储区屋顶','10kV',780.00,'2025-10-25'),
('BGD009','分布式并网点6','原料库屋顶','35kV',1100.00,'2025-11-01'),
('BGD010','分布式并网点7','成品库屋顶','10kV',920.00,'2025-11-05'),
('BGD011','分布式并网点8','锅炉房并网点','35kV',2100.00,'2025-11-10'),
('BGD012','分布式并网点9','水泵房并网点','10kV',680.00,'2025-11-15'),
('BGD013','分布式并网点10','风机房并网点','10kV',750.00,'2025-11-20'),
('BGD014','分布式并网点11','配电房并网点1','35kV',1800.00,'2025-11-25'),
('BGD015','分布式并网点12','配电房并网点2','35kV',1650.00,'2025-12-01'),
('BGD016','分布式并网点13','配电房并网点3','10kV',920.00,'2025-12-05'),
('BGD017','分布式并网点14','变电所并网点1','35kV',2800.00,'2025-12-10'),
('BGD018','分布式并网点15','变电所并网点2','35kV',1950.00,'2025-12-15'),
('BGD019','分布式并网点16','综合楼并网点','10kV',580.00,'2025-12-20'),
('BGD020','分布式并网点17','宿舍区并网点','10kV',420.00,'2025-12-25'),
('BGD021','分布式并网点18','食堂并网点','10kV',350.00,'2025-12-30'),
('BGD022','分布式并网点19','停车场并网点','10kV',480.00,'2026-01-05'),
('BGD023','分布式并网点20','健身中心并网点','10kV',320.00,'2026-01-10'),
('BGD024','分布式并网点21','科研楼并网点','10kV',680.00,'2026-01-15'),
('BGD025','分布式并网点22','实验区并网点','10kV',550.00,'2026-01-20'),
('BGD026','分布式并网点23','生活区并网点','10kV',390.00,'2026-01-25'),
('BGD027','分布式并网点24','服务区并网点','10kV',420.00,'2026-02-01'),
('BGD028','分布式并网点25','办公区并网点','10kV',750.00,'2026-02-05'),
('BGD029','分布式并网点26','仓储区并网点','10kV',880.00,'2026-02-10'),
('BGD030','分布式并网点27','生产区并网点','35kV',2200.00,'2026-02-15');

-- ======================== 回路监测数据表 ========================
INSERT INTO `回路监测数据表` (`数据编号`,`配电房编号`,`回路编号`,`采集时间`,`电压kV`,`电流A`,`有功功率kW`,`无功功率kVar`,`功率因数`,`正向有功电量kWh`,`反向有功电量kWh`,`开关状态`,`电缆头温度`,`电容器温度`) VALUES
('HLJ001PDF00120250101080000','PDF001','L1','2025-01-01 08:00:00',0.385,45.2,17.4,3.8,0.95,12540.5,125.4,'合闸',68.5,42.1),
('HLJ002PDF00120250101090000','PDF001','L2','2025-01-01 09:00:00',0.388,52.1,20.2,4.2,0.94,12650.8,126.5,'合闸',69.2,43.8),
('HLJ003PDF00120250101100000','PDF001','L3','2025-01-01 10:00:00',0.382,48.7,18.6,4.1,0.95,12780.2,127.8,'合闸',67.8,41.5),
('HLJ004PDF00220250101080000','PDF002','L1','2025-01-01 08:00:00',0.387,38.9,15.0,3.2,0.96,8950.3,89.5,'合闸',66.4,40.2),
('HLJ005PDF00220250101090000','PDF002','L2','2025-01-01 09:00:00',0.384,42.3,16.2,3.5,0.95,9120.7,91.2,'合闸',67.1,41.8),
('HLJ006PDF00220250101100000','PDF002','L3','2025-01-01 10:00:00',0.389,46.8,18.0,3.9,0.94,9350.1,93.5,'合闸',68.7,43.2),
('HLJ007PDF00320250101080000','PDF003','L1','2025-01-01 08:00:00',35.2,125.8,4420.0,890.5,0.92,28450.8,284.5,'合闸',72.3,65.8),
('HLJ008PDF00320250101090000','PDF003','L2','2025-01-01 09:00:00',35.5,132.4,4670.0,945.2,0.91,28720.3,287.2,'合闸',73.1,66.5),
('HLJ009PDF00320250101100000','PDF003','L3','2025-01-01 10:00:00',35.1,118.9,4180.0,842.1,0.93,28980.7,289.8,'合闸',71.8,64.9),
('HLJ010PDF00420250101080000','PDF004','L1','2025-01-01 08:00:00',0.386,55.2,21.3,4.6,0.94,15680.4,156.8,'合闸',69.5,44.1),
('HLJ011PDF00420250101090000','PDF004','L2','2025-01-01 09:00:00',0.383,58.7,22.5,4.8,0.93,15840.9,158.4,'合闸',70.2,45.8),
('HLJ012PDF00420250101100000','PDF004','L3','2025-01-01 10:00:00',0.387,51.4,19.8,4.3,0.95,15990.5,159.9,'合闸',68.9,43.5),
('HLJ013PDF00520250101080000','PDF005','L1','2025-01-01 08:00:00',35.3,98.6,3470.0,698.4,0.92,22340.2,223.4,'合闸',71.6,63.2),
('HLJ014PDF00520250101090000','PDF005','L2','2025-01-01 09:00:00',35.4,102.1,3590.0,721.8,0.91,22580.6,225.8,'合闸',72.4,64.1),
('HLJ015PDF00520250101100000','PDF005','L3','2025-01-01 10:00:00',35.2,95.8,3370.0,677.4,0.93,22810.9,228.1,'合闸',70.8,62.5),
('HLJ016PDF00620250101080000','PDF006','L1','2025-01-01 08:00:00',35.1,87.3,3070.0,617.4,0.92,18950.7,189.5,'合闸',69.2,58.7),
('HLJ017PDF00620250101090000','PDF006','L2','2025-01-01 09:00:00',35.4,91.8,3230.0,649.6,0.91,19180.3,191.8,'合闸',70.1,59.8),
('HLJ018PDF00620250101100000','PDF006','L3','2025-01-01 10:00:00',35.2,84.6,2980.0,599.6,0.93,19420.8,194.2,'合闸',68.7,57.9),
('HLJ019PDF00720250101080000','PDF007','L1','2025-01-01 08:00:00',35.3,142.5,5010.0,1008.2,0.91,31240.5,312.4,'合闸',74.8,67.2),
('HLJ020PDF00720250101090000','PDF007','L2','2025-01-01 09:00:00',35.5,148.9,5240.0,1054.8,0.90,31580.9,315.8,'合闸',75.6,68.1),
('HLJ021PDF00720250101100000','PDF007','L3','2025-01-01 10:00:00',35.2,135.7,4770.0,959.4,0.92,31890.3,318.9,'合闸',73.9,66.5),
('HLJ022PDF00820250101080000','PDF008','L1','2025-01-01 08:00:00',35.1,76.4,2690.0,541.8,0.92,16780.6,167.8,'合闸',68.4,55.9),
('HLJ023PDF00820250101090000','PDF008','L2','2025-01-01 09:00:00',35.4,79.8,2810.0,565.2,0.91,16990.2,169.9,'合闸',69.1,56.8),
('HLJ024PDF00820250101100000','PDF008','L3','2025-01-01 10:00:00',35.2,73.2,2580.0,519.6,0.93,17210.7,172.1,'合闸',67.8,55.2),
('HLJ025PDF00920250101080000','PDF009','L1','2025-01-01 08:00:00',35.3,68.9,2420.0,486.4,0.92,14350.8,143.5,'合闸',66.7,52.1),
('HLJ026PDF00920250101090000','PDF009','L2','2025-01-01 09:00:00',35.4,71.3,2510.0,504.2,0.91,14560.3,145.6,'合闸',67.2,53.8),
('HLJ027PDF00920250101100000','PDF009','L3','2025-01-01 10:00:00',35.1,66.8,2350.0,472.0,0.93,14780.9,147.8,'合闸',66.1,51.4),
('HLJ028PDF01020250101080000','PDF010','L1','2025-01-01 08:00:00',0.384,62.1,23.8,5.1,0.94,18450.2,184.5,'合闸',70.8,46.2),
('HLJ029PDF01020250101090000','PDF010','L2','2025-01-01 09:00:00',0.387,65.7,25.2,5.4,0.93,18680.7,186.8,'合闸',71.5,47.9),
('HLJ030PDF01020250101100000','PDF010','L3','2025-01-01 10:00:00',0.385,59.4,22.8,4.9,0.95,18890.4,188.9,'合闸',69.9,45.5);

-- ======================== 变压器监测数据表 ========================
INSERT INTO `变压器监测数据表` (`数据编号`,`配电房编号`,`变压器编号`,`采集时间`,`负载率`,`绕组温度`,`铁芯温度`,`环境温度`,`环境湿度`,`运行状态`) VALUES
('BYQ001PDF00120250101080000','PDF001','BYSQ-001','2025-01-01 08:00:00',68.5,72.3,65.1,18.5,45.2,'正常'),
('BYQ002PDF00120250101090000','PDF001','BYSQ-002','2025-01-01 09:00:00',71.2,74.8,67.2,19.1,44.8,'正常'),
('BYQ003PDF00120250101100000','PDF001','BYSQ-003','2025-01-01 10:00:00',65.8,71.5,64.8,18.8,45.9,'正常'),
('BYQ004PDF00120250101110000','PDF001','BYSQ-004','2025-01-01 11:00:00',69.3,73.2,66.1,19.5,44.5,'正常'),
('BYQ005PDF00220250101080000','PDF002','BYSQ-005','2025-01-01 08:00:00',62.7,69.8,63.2,17.9,46.1,'正常'),
('BYQ006PDF00220250101090000','PDF002','BYSQ-006','2025-01-01 09:00:00',65.4,71.1,64.5,18.2,45.7,'正常'),
('BYQ007PDF00220250101100000','PDF002','BYSQ-007','2025-01-01 10:00:00',58.9,67.5,62.1,18.5,46.8,'正常'),
('BYQ008PDF00220250101110000','PDF002','BYSQ-008','2025-01-01 11:00:00',61.2,68.9,63.8,17.8,47.2,'正常'),
('BYQ009PDF00220250101120000','PDF002','BYSQ-009','2025-01-01 12:00:00',64.8,70.7,64.1,18.7,45.4,'正常'),
('BYQ010PDF00320250101080000','PDF003','BYSQ-010','2025-01-01 08:00:00',72.1,75.8,68.2,19.2,43.9,'正常'),
('BYQ011PDF00420250101080000','PDF004','BYSQ-011','2025-01-01 08:00:00',69.7,73.4,66.8,18.9,44.6,'正常'),
('BYQ012PDF00420250101090000','PDF004','BYSQ-012','2025-01-01 09:00:00',66.3,72.1,65.5,19.3,44.1,'正常'),
('BYQ013PDF00420250101100000','PDF004','BYSQ-013','2025-01-01 10:00:00',70.9,74.7,67.1,18.6,45.3,'正常'),
('BYQ014PDF00420250101110000','PDF004','BYSQ-014','2025-01-01 11:00:00',68.5,72.9,66.3,19.1,44.8,'正常'),
('BYQ015PDF00520250101080000','PDF005','BYSQ-015','2025-01-01 08:00:00',74.2,77.1,69.5,19.8,42.7,'正常'),
('BYQ016PDF00520250101090000','PDF005','BYSQ-016','2025-01-01 09:00:00',71.8,76.2,68.6,20.1,42.2,'正常'),
('BYQ017PDF00620250101080000','PDF006','BYSQ-017','2025-01-01 08:00:00',63.4,70.3,64.7,18.1,46.5,'正常'),
('BYQ018PDF00720250101080000','PDF007','BYSQ-018','2025-01-01 08:00:00',76.5,79.8,71.2,20.5,41.8,'正常'),
('BYQ019PDF00720250101090000','PDF007','BYSQ-019','2025-01-01 09:00:00',73.9,78.4,70.8,20.2,42.3,'正常'),
('BYQ020PDF00720250101100000','PDF007','BYSQ-020','2025-01-01 10:00:00',79.2,81.7,72.1,21.1,40.9,'异常'),
('BYQ021PDF00720250101110000','PDF007','BYSQ-021','2025-01-01 11:00:00',77.6,80.3,71.7,20.8,41.5,'正常'),
('BYQ022PDF00720250101120000','PDF007','BYSQ-022','2025-01-01 12:00:00',75.1,78.9,70.3,20.3,42.1,'正常'),
('BYQ023PDF00720250101130000','PDF007','BYSQ-023','2025-01-01 13:00:00',78.4,81.2,71.8,20.9,41.2,'正常'),
('BYQ024PDF00720250101140000','PDF007','BYSQ-024','2025-01-01 14:00:00',74.7,77.5,69.9,19.7,42.8,'正常'),
('BYQ025PDF00820250101080000','PDF008','BYSQ-025','2025-01-01 08:00:00',67.2,72.8,66.2,18.8,45.1,'正常'),
('BYQ026PDF00920250101080000','PDF009','BYSQ-026','2025-01-01 08:00:00',64.9,71.4,65.8,18.4,45.6,'正常'),
('BYQ027PDF01020250101080000','PDF010','BYSQ-027','2025-01-01 08:00:00',70.1,74.3,67.7,19.2,44.3,'正常'),
('BYQ028PDF01020250101090000','PDF010','BYSQ-028','2025-01-01 09:00:00',68.7,73.5,66.9,19.6,43.8,'正常'),
('BYQ029PDF01020250101100000','PDF010','BYSQ-029','2025-01-01 10:00:00',72.3,75.9,68.3,18.9,44.7,'正常'),
('BYQ030PDF01020250101110000','PDF010','BYSQ-030','2025-01-01 11:00:00',69.8,74.1,67.5,19.4,44.0,'正常');

-- ======================== 光伏设备信息表（补充到30条） ========================
INSERT INTO `光伏设备信息表` (`设备编号`,`设备类型`,`安装位置`,`装机容量`,`投运时间`,`校准周期`,`运行状态`,`通信协议`) VALUES
('GF021','组件组串','屋顶21区','240kWp','2025-10-01',12,'正常','RS485'),
('GF022','汇流箱','屋顶22区','180kWp','2025-10-08',6,'正常','Lora'),
('GF023','逆变器','屋顶23区','360kWp','2025-10-15',12,'正常','以太网'),
('GF024','组件组串','屋顶24区','290kWp','2025-10-22',6,'正常','RS485'),
('GF025','汇流箱','屋顶25区','220kWp','2025-10-29',12,'故障','Lora'),
('GF026','逆变器','屋顶26区','420kWp','2025-11-05',6,'正常','以太网'),
('GF027','组件组串','屋顶27区','310kWp','2025-11-12',12,'正常','RS485'),
('GF028','汇流箱','屋顶28区','260kWp','2025-11-19',6,'离线','Lora'),
('GF029','逆变器','屋顶29区','380kWp','2025-11-26',12,'正常','以太网'),
('GF030','组件组串','屋顶30区','330kWp','2025-12-03',6,'正常','RS485');

-- ======================== 光伏发电数据表 ========================
INSERT INTO `光伏发电数据表` (`数据编号`,`设备编号`,`并网点编号`,`采集时间`,`发电量kWh`,`上网电量kWh`,`自用电量kWh`,`逆变器效率`,`汇流箱组串电压V`,`组串电流A`) VALUES
('GFFD00120250101080000','GF001','BGD001','2025-01-01 08:00:00',45.2,35.8,9.4,92.5,680.3,12.8),
('GFFD00220250101090000','GF002','BGD001','2025-01-01 09:00:00',52.1,41.3,10.8,91.8,685.7,13.2),
('GFFD00320250101100000','GF003','BGD002','2025-01-01 10:00:00',48.7,38.5,10.2,93.2,678.9,12.5),
('GFFD00420250101110000','GF004','BGD002','2025-01-01 11:00:00',55.8,44.1,11.7,92.1,691.4,13.8),
('GFFD00520250101120000','GF005','BGD003','2025-01-01 12:00:00',42.3,33.4,8.9,94.5,675.2,11.9),
('GFFD00620250101130000','GF006','BGD003','2025-01-01 13:00:00',49.6,39.2,10.4,92.8,683.6,13.1),
('GFFD00720250101140000','GF007','BGD004','2025-01-01 14:00:00',38.9,30.7,8.2,93.7,672.8,11.4),
('GFFD00820250101150000','GF008','BGD004','2025-01-01 15:00:00',46.1,36.4,9.7,92.3,688.1,12.9),
('GFFD00920250101160000','GF009','BGD005','2025-01-01 16:00:00',41.7,32.9,8.8,94.1,676.5,12.1),
('GFFD01020250101170000','GF010','BGD005','2025-01-01 17:00:00',35.4,27.9,7.5,91.6,669.3,10.8),
('GFFD01120250101180000','GF011','BGD006','2025-01-01 18:00:00',29.8,23.5,6.3,92.9,663.7,9.7),
('GFFD01220250101190000','GF012','BGD006','2025-01-01 19:00:00',22.1,17.4,4.7,93.4,658.2,8.3),
('GFFD01320250101200000','GF013','BGD007','2025-01-01 20:00:00',12.3,9.7,2.6,92.7,651.8,5.9),
('GFFD01420250101210000','GF014','BGD007','2025-01-01 21:00:00',5.7,4.5,1.2,91.2,645.3,2.8),
('GFFD01520250101220000','GF015','BGD008','2025-01-01 22:00:00',1.8,1.4,0.4,89.8,639.7,0.9),
('GFFD01620250102080000','GF016','BGD008','2025-01-02 08:00:00',43.9,34.7,9.2,92.6,677.4,12.7),
('GFFD01720250102090000','GF017','BGD009','2025-01-02 09:00:00',51.3,40.5,10.8,91.9,684.2,13.0),
('GFFD01820250102100000','GF018','BGD009','2025-01-02 10:00:00',47.8,37.7,10.1,93.1,679.5,12.6),
('GFFD01920250102110000','GF019','BGD010','2025-01-02 11:00:00',54.2,42.8,11.4,92.4,689.8,13.5),
('GFFD02020250102120000','GF020','BGD010','2025-01-02 12:00:00',41.6,32.8,8.8,94.3,674.9,11.8),
('GFFD02120250102130000','GF021','BGD011','2025-01-02 13:00:00',48.7,38.5,10.2,92.9,682.3,12.8),
('GFFD02220250102140000','GF022','BGD011','2025-01-02 14:00:00',37.4,29.5,7.9,93.6,671.5,11.2),
('GFFD02320250102150000','GF023','BGD012','2025-01-02 15:00:00',44.8,35.4,9.4,92.1,686.7,12.8),
('GFFD02420250102160000','GF024','BGD012','2025-01-02 16:00:00',40.2,31.7,8.5,94.2,673.8,11.9),
('GFFD02520250102170000','GF025','BGD013','2025-01-02 17:00:00',33.9,26.7,7.2,91.8,667.1,10.5),
('GFFD02620250102180000','GF026','BGD013','2025-01-02 18:00:00',28.6,22.5,6.1,93.0,662.4,9.4),
('GFFD02720250102190000','GF027','BGD014','2025-01-02 19:00:00',21.3,16.8,4.5,92.5,656.9,8.1),
('GFFD02820250102200000','GF028','BGD014','2025-01-02 20:00:00',11.8,9.3,2.5,91.7,649.6,5.7),
('GFFD02920250102210000','GF029','BGD015','2025-01-02 21:00:00',4.9,3.9,1.0,90.3,643.1,2.4),
('GFFD03020250102220000','GF030','BGD015','2025-01-02 22:00:00',1.6,1.3,0.3,88.9,637.5,0.8);

-- ======================== 光伏预测数据表 ========================
INSERT INTO `光伏预测数据表` (`预测编号`,`并网点编号`,`预测日期`,`预测时段`,`预测发电量kWh`,`实际发电量kWh`,`偏差率`,`预测模型版本`) VALUES
('GFYC00120250101','BGD001','2025-01-01','08:00-09:00',42.5,45.2,6.4,'v2.1'),
('GFYC00220250101','BGD001','2025-01-01','09:00-10:00',49.8,52.1,4.4,'v2.1'),
('GFYC00320250101','BGD002','2025-01-01','10:00-11:00',46.2,48.7,5.1,'v2.1'),
('GFYC00420250101','BGD002','2025-01-01','11:00-12:00',53.1,55.8,4.9,'v2.1'),
('GFYC00520250101','BGD003','2025-01-01','12:00-13:00',40.7,42.3,3.8,'v2.1'),
('GFYC00620250101','BGD003','2025-01-01','13:00-14:00',47.3,49.6,4.6,'v2.1'),
('GFYC00720250101','BGD004','2025-01-01','14:00-15:00',37.1,38.9,4.6,'v2.1'),
('GFYC00820250101','BGD004','2025-01-01','15:00-16:00',43.8,46.1,5.0,'v2.1'),
('GFYC00920250101','BGD005','2025-01-01','16:00-17:00',39.5,41.7,5.3,'v2.1'),
('GFYC01020250101','BGD005','2025-01-01','17:00-18:00',33.7,35.4,4.8,'v2.1'),
('GFYC01120250101','BGD006','2025-01-01','18:00-19:00',28.4,29.8,4.7,'v2.1'),
('GFYC01220250101','BGD006','2025-01-01','19:00-20:00',21.1,22.1,4.5,'v2.1'),
('GFYC01320250101','BGD007','2025-01-01','20:00-21:00',11.8,12.3,4.0,'v2.1'),
('GFYC01420250101','BGD007','2025-01-01','21:00-22:00',5.5,5.7,3.5,'v2.1'),
('GFYC01520250101','BGD008','2025-01-01','22:00-23:00',1.7,1.8,5.9,'v2.1'),
('GFYC01620250102','BGD001','2025-01-02','08:00-09:00',41.8,43.9,4.8,'v2.1'),
('GFYC01720250102','BGD002','2025-01-02','09:00-10:00',48.6,51.3,5.3,'v2.1'),
('GFYC01820250102','BGD003','2025-01-02','10:00-11:00',45.1,47.8,5.7,'v2.1'),
('GFYC01920250102','BGD004','2025-01-02','11:00-12:00',51.9,54.2,4.2,'v2.1'),
('GFYC02020250102','BGD005','2025-01-02','12:00-13:00',39.8,41.6,4.3,'v2.1'),
('GFYC02120250102','BGD006','2025-01-02','13:00-14:00',46.4,48.7,4.7,'v2.1'),
('GFYC02220250102','BGD007','2025-01-02','14:00-15:00',35.9,37.4,4.0,'v2.1'),
('GFYC02320250102','BGD008','2025-01-02','15:00-16:00',42.7,44.8,4.7,'v2.1'),
('GFYC02420250102','BGD009','2025-01-02','16:00-17:00',38.3,40.2,4.7,'v2.1'),
('GFYC02520250102','BGD010','2025-01-02','17:00-18:00',32.6,33.9,3.8,'v2.1'),
('GFYC02620250102','BGD011','2025-01-02','18:00-19:00',27.3,28.6,4.5,'v2.1'),
('GFYC02720250102','BGD012','2025-01-02','19:00-20:00',20.2,21.3,5.2,'v2.1'),
('GFYC02820250102','BGD013','2025-01-02','20:00-21:00',11.2,11.8,5.1,'v2.1'),
('GFYC02920250102','BGD014','2025-01-02','21:00-22:00',5.2,4.9,-5.8,'v2.1'),
('GFYC03020250102','BGD015','2025-01-02','22:00-23:00',1.6,1.6,0.0,'v2.1');

-- ======================== 能耗计量设备信息表（补充到30条） ========================
INSERT INTO `能耗计量设备信息表` (`设备编号`,`能源类型`,`安装位置`,`管径规格`,`通讯协议`,`运行状态`,`校准周期`,`生产厂家`) VALUES
('NH021','水','A3厂区 东侧','DN25','RS485','正常',7,'上仪'),
('NH022','天然气','综合办公区 南侧','DN25','Lora','正常',16,'上仪'),
('NH023','蒸汽','真旺厂 东侧','DN50','RS485','故障',10,'南自'),
('NH024','水','豆果厂 北侧','DN50','Lora','正常',14,'上仪'),
('NH025','天然气','A3厂区 南侧','DN100','RS485','正常',12,'华仪科技'),
('NH026','蒸汽','综合办公区 东侧','DN25','Lora','正常',8,'上仪'),
('NH027','水','真旺厂 南侧','DN100','RS485','正常',15,'南自'),
('NH028','天然气','豆果厂 东侧','DN50','Lora','正常',11,'上仪'),
('NH029','蒸汽','A3厂区 北侧','DN100','RS485','正常',9,'华仪科技'),
('NH030','水','综合办公区 北侧','DN25','RS485','正常',13,'上仪');

-- ======================== 能耗监测数据表 ========================
INSERT INTO `能耗监测数据表` (`数据编号`,`设备编号`,`采集时间`,`能耗值`,`单位`,`数据质量`,`核实状态`,`所属厂区编号`) VALUES
('NHJC00120250101080000','NH001','2025-01-01 08:00:00',25.4,'m³','优','已核实','ZW001'),
('NHJC00220250101090000','NH002','2025-01-01 09:00:00',18.7,'m³','优','已核实','DG001'),
('NHJC00320250101100000','NH003','2025-01-01 10:00:00',32.1,'m³','良','已核实','A3C001'),
('NHJC00420250101110000','NH004','2025-01-01 11:00:00',15.8,'m³','优','已核实','DG001'),
('NHJC00520250101120000','NH005','2025-01-01 12:00:00',8.9,'t','优','已核实','ZHB001'),
('NHJC00620250101130000','NH006','2025-01-01 13:00:00',22.3,'m³','良','已核实','ZW001'),
('NHJC00720250101140000','NH007','2025-01-01 14:00:00',28.7,'m³','优','已核实','ZHB001'),
('NHJC00820250101150000','NH008','2025-01-01 15:00:00',19.4,'m³','优','已核实','A3C001'),
('NHJC00920250101160000','NH009','2025-01-01 16:00:00',26.8,'m³','良','已核实','A3C001'),
('NHJC01020250101170000','NH010','2025-01-01 17:00:00',12.5,'t','优','已核实','A3C001'),
('NHJC01120250101180000','NH011','2025-01-01 18:00:00',21.9,'m³','优','已核实','DG001'),
('NHJC01220250101190000','NH012','2025-01-01 19:00:00',31.6,'m³','良','已核实','ZW001'),
('NHJC01320250101200000','NH013','2025-01-01 20:00:00',9.7,'t','优','已核实','DG001'),
('NHJC01420250101210000','NH014','2025-01-01 21:00:00',11.2,'t','优','已核实','ZW001'),
('NHJC01520250101220000','NH015','2025-01-01 22:00:00',27.3,'m³','良','已核实','ZHB001'),
('NHJC01620250102080000','NH016','2025-01-02 08:00:00',10.1,'t','优','已核实','DG001'),
('NHJC01720250102090000','NH017','2025-01-02 09:00:00',24.8,'m³','优','已核实','ZW001'),
('NHJC01820250102100000','NH018','2025-01-02 10:00:00',29.5,'m³','良','已核实','ZW001'),
('NHJC01920250102110000','NH019','2025-01-02 11:00:00',20.2,'m³','优','已核实','A3C001'),
('NHJC02020250102120000','NH020','2025-01-02 12:00:00',7.8,'t','优','已核实','ZHB001'),
('NHJC02120250102130000','NH021','2025-01-02 13:00:00',33.9,'m³','良','已核实','A3C001'),
('NHJC02220250102140000','NH022','2025-01-02 14:00:00',17.6,'m³','优','已核实','ZHB001'),
('NHJC02320250102150000','NH023','2025-01-02 15:00:00',13.4,'t','优','已核实','ZW001'),
('NHJC02420250102160000','NH024','2025-01-02 16:00:00',26.1,'m³','良','已核实','DG001'),
('NHJC02520250102170000','NH025','2025-01-02 17:00:00',23.7,'m³','优','已核实','A3C001'),
('NHJC02620250102180000','NH026','2025-01-02 18:00:00',8.5,'t','优','已核实','ZHB001'),
('NHJC02720250102190000','NH027','2025-01-02 19:00:00',30.8,'m³','良','已核实','ZW001'),
('NHJC02820250102200000','NH028','2025-01-02 20:00:00',19.9,'m³','优','已核实','DG001'),
('NHJC02920250102210000','NH029','2025-01-02 21:00:00',14.6,'t','优','已核实','A3C001'),
('NHJC03020250102220000','NH030','2025-01-02 22:00:00',28.4,'m³','良','已核实','ZHB001');

-- ======================== 峰谷能耗数据表 ========================
INSERT INTO `峰谷能耗数据表` (`记录编号`,`能源类型`,`厂区编号`,`统计日期`,`尖峰时段能耗`,`高峰时段能耗`,`平段能耗`,`低谷时段能耗`,`总能耗`,`峰谷电价`,`能耗成本`) VALUES
('FGNH001ZW00120250101','电','ZW001','2025-01-01',450.8,890.3,320.5,180.2,1841.8,0.95,1750.71),
('FGNH002DG00120250101','电','DG001','2025-01-01',380.5,750.8,270.1,152.4,1553.8,0.95,1476.11),
('FGNH003A3C00120250101','电','A3C001','2025-01-01',520.2,1025.4,369.2,207.8,2122.6,0.95,2016.47),
('FGNH004ZHB00120250101','电','ZHB001','2025-01-01',290.7,573.4,206.4,116.2,1186.7,0.95,1127.37),
('FGNH005ZW00120250102','电','ZW001','2025-01-02',465.3,918.1,330.8,186.1,1900.3,0.95,1805.29),
('FGNH006DG00120250102','电','DG001','2025-01-02',392.8,774.9,279.1,157.0,1603.8,0.95,1523.61),
('FGNH007A3C00120250102','电','A3C001','2025-01-02',538.9,1062.6,382.5,215.2,2199.2,0.95,2094.24),
('FGNH008ZHB00120250102','电','ZHB001','2025-01-02',301.4,594.8,214.2,120.5,1230.9,0.95,1169.36),
('FGNH009ZW00120250103','电','ZW001','2025-01-03',442.1,872.5,314.1,176.8,1805.5,0.95,1715.23),
('FGNH010DG00120250103','电','DG001','2025-01-03',373.7,737.4,265.4,149.3,1525.8,0.95,1449.51),
('FGNH011A3C00120250103','电','A3C001','2025-01-03',512.8,1011.9,364.3,204.9,2093.9,0.95,1994.21),
('FGNH012ZHB00120250103','电','ZHB001','2025-01-03',287.3,566.8,204.0,114.8,1172.9,0.95,1114.26),
('FGNH013ZW00120250101','水','ZW001','2025-01-01',85.2,168.3,60.6,34.1,348.2,2.50,870.50),
('FGNH014DG00120250101','水','DG001','2025-01-01',72.0,142.1,51.1,28.7,293.9,2.50,734.75),
('FGNH015A3C00120250101','水','A3C001','2025-01-01',98.7,194.8,70.1,39.4,403.0,2.50,1007.50),
('FGNH016ZHB00120250101','水','ZHB001','2025-01-01',55.4,109.4,39.4,22.1,226.3,2.50,565.75),
('FGNH017ZW00120250101','蒸汽','ZW001','2025-01-01',125.8,248.4,89.4,50.3,513.9,180.00,92502.00),
('FGNH018DG00120250101','蒸汽','DG001','2025-01-01',106.3,209.8,75.5,42.4,434.0,180.00,78120.00),
('FGNH019A3C00120250101','蒸汽','A3C001','2025-01-01',145.9,287.8,103.6,58.2,595.5,180.00,107190.00),
('FGNH020ZHB00120250101','蒸汽','ZHB001','2025-01-01',81.8,161.4,58.1,32.6,333.9,180.00,60042.00),
('FGNH021ZW00120250101','天然气','ZW001','2025-01-01',95.6,188.7,67.9,38.1,390.3,3.20,1248.96),
('FGNH022DG00120250101','天然气','DG001','2025-01-01',80.7,159.2,57.3,32.2,329.4,3.20,1054.08),
('FGNH023A3C00120250101','天然气','A3C001','2025-01-01',110.8,218.6,78.7,44.2,452.3,3.20,1447.36),
('FGNH024ZHB00120250101','天然气','ZHB001','2025-01-01',62.2,122.8,44.2,24.8,254.0,3.20,812.80),
('FGNH025ZW00120250102','水','ZW001','2025-01-02',88.7,175.1,63.0,35.4,362.2,2.50,905.50),
('FGNH026DG00120250102','水','DG001','2025-01-02',74.9,147.8,53.2,29.9,305.8,2.50,764.50),
('FGNH027A3C00120250102','水','A3C001','2025-01-02',102.8,202.9,73.0,41.0,419.7,2.50,1049.25),
('FGNH028ZHB00120250102','水','ZHB001','2025-01-02',57.6,113.7,40.9,23.0,235.2,2.50,588.00),
('FGNH029ZW00120250102','蒸汽','ZW001','2025-01-02',130.9,258.2,92.9,52.2,534.2,180.00,96156.00),
('FGNH030ZHB00120250102','蒸汽','ZHB001','2025-01-02',85.1,167.9,60.4,33.9,347.3,180.00,62499.00);

-- ======================== 告警信息表 ========================
INSERT INTO `告警信息表` (`告警编号`,`告警类型`,`关联设备编号`,`发生时间`,`告警等级`,`告警内容`,`处理状态`,`告警触发阈值`) VALUES
('GJ001','越限告警','BYSQ-001','2025-01-01 08:30:00','高','35kV主变绕组温度超100℃','已结案','温度>95℃'),
('GJ002','通讯故障','GF001','2025-01-01 09:15:00','中','逆变器通信中断','处理中','通信超时>30秒'),
('GJ003','设备故障','HLJ001PDF001','2025-01-01 10:45:00','高','回路电流异常','未处理','电流偏差>20%'),
('GJ004','越限告警','NH001','2025-01-01 11:20:00','低','水表读数异常','已结案','读数偏差>15%'),
('GJ005','通讯故障','GF010','2025-01-01 12:10:00','中','光伏设备离线','处理中','离线时间>10分钟'),
('GJ006','设备故障','BYSQ-020','2025-01-01 13:55:00','高','变压器负载率超100%','未处理','负载率>100%'),
('GJ007','越限告警','HLJ002PDF001','2025-01-01 14:30:00','中','电压偏低','已结案','电压<0.38kV'),
('GJ008','通讯故障','NH023','2025-01-01 15:45:00','低','能耗设备通信故障','处理中','通信失败'),
('GJ009','设备故障','GF025','2025-01-01 16:20:00','中','汇流箱故障','未处理','故障状态'),
('GJ010','越限告警','BYSQ-015','2025-01-01 17:10:00','高','变压器温度异常','已结案','温度>90℃'),
('GJ011','通讯故障','HLJ007PDF003','2025-01-02 08:25:00','低','回路监测通信中断','处理中','通信超时'),
('GJ012','设备故障','NH013','2025-01-02 09:40:00','中','蒸汽表故障','未处理','设备状态异常'),
('GJ013','越限告警','GF003','2025-01-02 10:15:00','高','逆变器效率低于85%','处理中','效率<85%'),
('GJ014','通讯故障','BYSQ-007','2025-01-02 11:50:00','中','变压器通信故障','已结案','通信中断'),
('GJ015','设备故障','HLJ015PDF005','2025-01-02 12:35:00','低','开关状态异常','未处理','状态不一致'),
('GJ016','越限告警','NH006','2025-01-02 13:20:00','中','天然气用量异常增长','处理中','增长率>50%'),
('GJ017','通讯故障','GF016','2025-01-02 14:05:00','低','光伏设备离线','已结案','离线状态'),
('GJ018','设备故障','BYSQ-022','2025-01-02 15:40:00','高','变压器铁芯温度超标','未处理','温度>75℃'),
('GJ019','越限告警','HLJ010PDF004','2025-01-02 16:25:00','中','功率因数偏低','处理中','功率因数<0.85'),
('GJ020','通讯故障','NH019','2025-01-02 17:10:00','低','能耗设备通信超时','已结案','通信失败'),
('GJ021','设备故障','GF028','2025-01-03 08:35:00','中','光伏组件故障','未处理','组件异常'),
('GJ022','越限告警','BYSQ-012','2025-01-03 09:20:00','高','变压器环境温度异常','处理中','温度<-5℃或>40℃'),
('GJ023','通讯故障','HLJ003PDF001','2025-01-03 10:45:00','低','回路监测通信中断','已结案','通信超时'),
('GJ024','设备故障','NH028','2025-01-03 11:30:00','中','天然气表故障','未处理','设备状态'),
('GJ025','越限告警','GF006','2025-01-03 12:15:00','低','光伏发电量偏低','处理中','发电量<预计80%'),
('GJ026','通讯故障','BYSQ-019','2025-01-03 13:50:00','中','变压器通信故障','已结案','通信中断'),
('GJ027','设备故障','HLJ020PDF007','2025-01-03 14:35:00','低','电缆头温度传感器故障','未处理','传感器异常'),
('GJ028','越限告警','NH014','2025-01-03 15:20:00','中','蒸汽用量异常','处理中','用量偏差>30%'),
('GJ029','通讯故障','GF019','2025-01-03 16:05:00','低','光伏设备通信中断','已结案','通信超时'),
('GJ030','设备故障','BYSQ-005','2025-01-03 17:40:00','高','变压器绕组温度超标','未处理','温度>85℃');

-- ======================== 运维工单数据表 ========================
INSERT INTO `运维工单数据表` (`工单编号`,`告警编号`,`运维人员ID`,`派单时间`,`响应时间`,`处理完成时间`,`处理结果`,`复查状态`,`附件路径`) VALUES
('GD001','GJ001','YW001','2025-01-01 08:35:00','2025-01-01 08:45:00','2025-01-01 09:30:00','更换温度传感器','通过','/attachments/gj001_20250101.jpg'),
('GD002','GJ002','YW002','2025-01-01 09:20:00','2025-01-01 09:35:00','2025-01-01 10:15:00','重启通信模块','通过','/attachments/gj002_20250101.pdf'),
('GD003','GJ003','YW003','2025-01-01 10:50:00','2025-01-01 11:05:00','2025-01-01 11:45:00','调整电流保护参数','通过','/attachments/gj003_20250101.docx'),
('GD004','GJ004','YW004','2025-01-01 11:25:00','2025-01-01 11:40:00','2025-01-01 12:10:00','校准水表','通过','/attachments/gj004_20250101.jpg'),
('GD005','GJ005','YW005','2025-01-01 12:15:00','2025-01-01 12:30:00','2025-01-01 13:20:00','检查网络连接','通过','/attachments/gj005_20250101.pdf'),
('GD006','GJ006','YW001','2025-01-01 14:00:00','2025-01-01 14:15:00','2025-01-01 15:00:00','调整负载分配','通过','/attachments/gj006_20250101.docx'),
('GD007','GJ007','YW002','2025-01-01 14:35:00','2025-01-01 14:50:00','2025-01-01 15:25:00','检查电压调节器','通过','/attachments/gj007_20250101.jpg'),
('GD008','GJ008','YW003','2025-01-01 15:50:00','2025-01-01 16:05:00','2025-01-01 16:40:00','更换通信线缆','通过','/attachments/gj008_20250101.pdf'),
('GD009','GJ009','YW004','2025-01-01 16:25:00','2025-01-01 16:40:00','2025-01-01 17:30:00','维修汇流箱','通过','/attachments/gj009_20250101.docx'),
('GD010','GJ010','YW005','2025-01-01 17:15:00','2025-01-01 17:30:00','2025-01-01 18:15:00','清洁变压器散热片','通过','/attachments/gj010_20250101.jpg'),
('GD011','GJ011','YW001','2025-01-02 08:30:00','2025-01-02 08:45:00','2025-01-02 09:25:00','检查通信线路','通过','/attachments/gj011_20250102.pdf'),
('GD012','GJ012','YW002','2025-01-02 09:45:00','2025-01-02 10:00:00','2025-01-02 10:50:00','更换蒸汽表','通过','/attachments/gj012_20250102.docx'),
('GD013','GJ013','YW003','2025-01-02 10:20:00','2025-01-02 10:35:00','2025-01-02 11:30:00','校准逆变器参数','通过','/attachments/gj013_20250102.jpg'),
('GD014','GJ014','YW004','2025-01-02 11:55:00','2025-01-02 12:10:00','2025-01-02 12:45:00','修复通信模块','通过','/attachments/gj014_20250102.pdf'),
('GD015','GJ015','YW005','2025-01-02 12:40:00','2025-01-02 12:55:00','2025-01-02 13:35:00','检查开关状态','通过','/attachments/gj015_20250102.docx'),
('GD016','GJ016','YW001','2025-01-02 13:25:00','2025-01-02 13:40:00','2025-01-02 14:25:00','调整燃气阀门','通过','/attachments/gj016_20250102.jpg'),
('GD017','GJ017','YW002','2025-01-02 14:10:00','2025-01-02 14:25:00','2025-01-02 15:05:00','重启光伏设备','通过','/attachments/gj017_20250102.pdf'),
('GD018','GJ018','YW003','2025-01-02 15:45:00','2025-01-02 16:00:00','2025-01-02 17:00:00','更换冷却系统','通过','/attachments/gj018_20250102.docx'),
('GD019','GJ019','YW004','2025-01-02 16:30:00','2025-01-02 16:45:00','2025-01-02 17:35:00','调整功率补偿','通过','/attachments/gj019_20250102.jpg'),
('GD020','GJ020','YW005','2025-01-02 17:15:00','2025-01-02 17:30:00','2025-01-02 18:10:00','更换通信设备','通过','/attachments/gj020_20250102.pdf'),
('GD021','GJ021','YW001','2025-01-03 08:40:00','2025-01-03 08:55:00','2025-01-03 09:45:00','更换光伏组件','通过','/attachments/gj021_20250103.docx'),
('GD022','GJ022','YW002','2025-01-03 09:25:00','2025-01-03 09:40:00','2025-01-03 10:35:00','检查环境控制','通过','/attachments/gj022_20250103.jpg'),
('GD023','GJ023','YW003','2025-01-03 10:50:00','2025-01-03 11:05:00','2025-01-03 11:40:00','修复通信连接','通过','/attachments/gj023_20250103.pdf'),
('GD024','GJ024','YW004','2025-01-03 11:35:00','2025-01-03 11:50:00','2025-01-03 12:45:00','更换天然气表','通过','/attachments/gj024_20250103.docx'),
('GD025','GJ025','YW005','2025-01-03 12:20:00','2025-01-03 12:35:00','2025-01-03 13:25:00','检查光伏系统','通过','/attachments/gj025_20250103.jpg'),
('GD026','GJ026','YW001','2025-01-03 13:55:00','2025-01-03 14:10:00','2025-01-03 14:50:00','更换通信设备','通过','/attachments/gj026_20250103.pdf'),
('GD027','GJ027','YW002','2025-01-03 14:40:00','2025-01-03 14:55:00','2025-01-03 15:40:00','更换温度传感器','通过','/attachments/gj027_20250103.docx'),
('GD028','GJ028','YW003','2025-01-03 15:25:00','2025-01-03 15:40:00','2025-01-03 16:35:00','检查蒸汽管道','通过','/attachments/gj028_20250103.jpg'),
('GD029','GJ029','YW004','2025-01-03 16:10:00','2025-01-03 16:25:00','2025-01-03 17:10:00','修复光伏通信','通过','/attachments/gj029_20250103.pdf'),
('GD030','GJ030','YW005','2025-01-03 17:45:00','2025-01-03 18:00:00','2025-01-03 19:00:00','更换变压器风扇','通过','/attachments/gj030_20250103.docx');

-- ======================== 设备台账数据表 ========================
INSERT INTO `设备台账数据表` (`台账编号`,`设备名称`,`设备类型`,`型号规格`,`安装时间`,`质保期`,`维修记录`,`校准记录`,`报废状态`) VALUES
('TZ001','35kV主变压器','变压器','S11-5000/35','2020-05-15',15,'GD001','2024-01-15校准','正常使用'),
('TZ002','0.4kV配电箱','配电箱','GGD-1000','2021-03-20',10,'GD003','2024-02-20校准','正常使用'),
('TZ003','光伏逆变器','逆变器','SG800HX-20','2022-08-10',10,'GD013','2024-03-10校准','正常使用'),
('TZ004','智能电表','电能表','DTSF1352','2023-01-05',8,'GD007','2024-04-05校准','正常使用'),
('TZ005','水流量计','水表','LXS-80','2021-11-12',12,'GD004','2024-05-12校准','正常使用'),
('TZ006','蒸汽流量计','蒸汽表','LUGB-200','2022-06-18',10,'GD012','2024-06-18校准','正常使用'),
('TZ007','燃气流量计','燃气表','TGF-100','2023-09-25',8,'GD024','2024-07-25校准','正常使用'),
('TZ008','35kV断路器','断路器','ZW32-35','2020-12-08',20,'GD015','2024-08-08校准','正常使用'),
('TZ009','光伏汇流箱','汇流箱','SG200HX','2022-04-15',8,'GD009','2024-09-15校准','正常使用'),
('TZ010','10kV变压器','变压器','S11-2000/10','2021-07-22',15,'GD010','2024-10-22校准','正常使用'),
('TZ011','低压配电柜','配电柜','MNS-800','2022-02-14',12,'GD006','2024-11-14校准','正常使用'),
('TZ012','光伏组件','光伏板','JKM400M-72HL4','2023-05-30',12,'GD021','2024-12-30校准','正常使用'),
('TZ013','电流互感器','互感器','LMZJ1-0.5','2020-08-19',15,'GD019','2025-01-19校准','正常使用'),
('TZ014','电压互感器','互感器','JDZX-35','2021-10-11',15,'GD022','2025-02-11校准','正常使用'),
('TZ015','温度传感器','传感器','PT100','2023-12-03',5,'GD001','2025-03-03校准','正常使用'),
('TZ016','湿度传感器','传感器','HS-100','2022-09-28',8,'GD023','2025-04-28校准','正常使用'),
('TZ017','烟雾探测器','探测器','JTY-GD-9800','2023-03-15',10,'GD008','2025-05-15校准','正常使用'),
('TZ018','漏电保护器','保护器','DZ47LE-32','2021-05-09',12,'GD014','2025-06-09校准','正常使用'),
('TZ019','UPS电源','UPS','HP9116C','2022-11-27',8,'GD011','2025-07-27校准','正常使用'),
('TZ020','发电机','发电机','TG-100KW','2020-04-16',20,'GD018','2025-08-16校准','正常使用'),
('TZ021','空压机','空压机','VS-30','2023-07-08',10,'GD016','2025-09-08校准','正常使用'),
('TZ022','冷却塔','冷却塔','YC-50','2021-12-21',15,'GD002','2025-10-21校准','正常使用'),
('TZ023','风机','风机','Y5-47-4C','2022-08-14',12,'GD017','2025-11-14校准','正常使用'),
('TZ024','水泵','水泵','IS80-50-160','2023-01-19',10,'GD005','2025-12-19校准','正常使用'),
('TZ025','锅炉','锅炉','WNS2-1.25-YQ','2020-06-30',20,'GD020','2026-01-30校准','正常使用'),
('TZ026','空调机组','空调','KF-50','2023-04-12',8,'GD025','2026-02-12校准','正常使用'),
('TZ027','电梯','电梯','TKJ-2000','2021-09-05',15,'GD026','2026-03-05校准','正常使用'),
('TZ028','消防泵','消防泵','XBD-200','2022-03-22',12,'GD027','2026-04-22校准','正常使用'),
('TZ029','排烟风机','风机','YWF-400','2023-11-18',8,'GD028','2026-05-18校准','正常使用'),
('TZ030','中央空调','空调','CRAC-30','2020-02-28',15,'GD029','2026-06-28校准','正常使用');

-- ======================== 执法人员信息表 ========================
INSERT INTO `执法人员信息表` (`执法ID`,`姓名`,`所属部门`,`执法权限`,`联系方式`,`执法设备编号`) VALUES
('ZF001','张执法','能源局','设备检查、数据审核','13810000001','ZFSB001'),
('ZF002','李检查','质监局','质量检验、标准审核','13810000002','ZFSB002'),
('ZF003','王监管','安监局','安全检查、隐患排查','13810000003','ZFSB003'),
('ZF004','赵稽查','环保局','环保检测、排放审核','13810000004','ZFSB004'),
('ZF005','孙监察','发改委','价格监管、成本审核','13810000005','ZFSB005'),
('ZF006','周督察','住建局','建筑安全、设施检查','13810000006','ZFSB006'),
('ZF007','吴调研','工信局','技术评估、产业指导','13810000007','ZFSB007'),
('ZF008','郑巡查','市场局','市场监管、违法查处','13810000008','ZFSB008'),
('ZF009','冯督导','发改局','发展规划、项目审核','13810000009','ZFSB009'),
('ZF010','陈执法','应急局','应急预案、安全演练','13810000010','ZFSB010'),
('ZF011','褚检查','消防局','消防安全、设施验收','13810000011','ZFSB011'),
('ZF012','卫监管','城管局','城市管理、环境整治','13810000012','ZFSB012'),
('ZF013','蒋稽查','商务局','商务监管、市场秩序','13810000013','ZFSB013'),
('ZF014','沈监察','统计局','数据统计、信息发布','13810000014','ZFSB014'),
('ZF015','韩督察','交通局','交通安全、设施维护','13810000015','ZFSB015'),
('ZF016','杨调研','水利局','水利设施、水资源管理','13810000016','ZFSB016'),
('ZF017','朱巡查','农业局','农业设施、环保监管','13810000017','ZFSB017'),
('ZF018','秦督导','林业局','林业资源、生态环境','13810000018','ZFSB018'),
('ZF019','尤执法','海洋局','海洋资源、海域管理','13810000019','ZFSB019'),
('ZF020','许检查','气象局','气象监测、防灾预警','13810000020','ZFSB020'),
('ZF021','何监管','地震局','地震监测、防震减灾','13810000021','ZFSB021'),
('ZF022','吕稽查','国土局','国土资源、矿产管理','13810000022','ZFSB022'),
('ZF023','施监察','海洋渔业局','渔业资源、水产管理','13810000023','ZFSB023'),
('ZF024','张督察','畜牧局','畜牧业发展、防疫监管','13810000024','ZFSB024'),
('ZF025','孔调研','粮食局','粮食储备、安全管理','13810000025','ZFSB025'),
('ZF026','曹巡查','商务厅','外贸监管、投资促进','13810000026','ZFSB026'),
('ZF027','严督导','科技厅','科技项目、科技成果','13810000027','ZFSB027'),
('ZF028','华执法','教育厅','教育设施、安全管理','13810000028','ZFSB028'),
('ZF029','金检查','卫生厅','卫生防疫、医疗监管','13810000029','ZFSB029'),
('ZF030','魏监管','民政局','社会福利、民政服务','13810000030','ZFSB030');

-- ======================== 大屏展示配置表 ========================
INSERT INTO `大屏展示配置表` (`配置编号`,`展示模块`,`数据刷新频率`,`展示字段`,`排序规则`,`权限等级`) VALUES
('DP001','能源总览','30秒','总用电量/总用水量/总蒸汽消耗量/总天然气消耗量/光伏总发电量','按数值降序','管理员'),
('DP002','光伏总览','60秒','光伏发电量/上网电量/自用电量/逆变器效率','按发电量降序','能源管理员'),
('DP003','配电网运行状态','15秒','电压/电流/功率因数/开关状态','按配电房排序','运维人员'),
('DP004','告警统计','10秒','告警数量/告警等级分布/处理状态','按时间降序','管理员'),
('DP005','能耗分析','300秒','各厂区能耗对比/峰谷能耗分布','按能耗降序','数据分析师'),
('DP006','设备运行状态','45秒','设备状态/故障统计/维护提醒','按状态排序','运维人员'),
('DP007','环保监测','180秒','碳排放量/能效指标/环保指标','按时间降序','企业管理层'),
('DP008','安全监控','20秒','安全事件/隐患统计/整改进度','按等级降序','安监人员'),
('DP009','成本分析','3600秒','能源成本/峰谷电价/节约金额','按成本降序','财务人员'),
('DP010','预测分析','7200秒','发电预测/能耗预测/准确率统计','按日期排序','数据分析师'),
('DP011','运维工单','30秒','工单数量/处理进度/超时统计','按状态排序','运维工单管理员'),
('DP012','质量管控','120秒','产品质量/工艺参数/异常统计','按时间降序','质量管理员'),
('DP013','库存管理','300秒','物资库存/消耗统计/补货提醒','按库存升序','物资管理员'),
('DP014','人员管理','86400秒','人员分布/培训记录/考核结果','按部门排序','人事管理员'),
('DP015','项目进度','3600秒','项目进度/里程碑/资源分配','按时间排序','项目经理'),
('DP016','供应商管理','604800秒','供应商评估/合同到期/供应稳定性','按评分降序','采购经理'),
('DP017','客户服务','60秒','服务请求/满意度调查/投诉处理','按时间降序','客服经理'),
('DP018','财务报表','86400秒','收入支出/利润分析/预算执行','按月份排序','财务总监'),
('DP019','市场分析','604800秒','市场份额/竞争分析/发展趋势','按时间降序','市场总监'),
('DP020','战略规划','2592000秒','战略目标/KPI指标/执行进度','按优先级排序','CEO'),
('DP021','研发创新','604800秒','项目进度/专利申请/成果转化','按阶段排序','研发总监'),
('DP022','生产调度','15秒','生产计划/实际产量/设备利用率','按车间排序','生产总监'),
('DP023','物流配送','30秒','订单状态/配送进度/异常处理','按时间排序','物流总监'),
('DP024','仓库管理','60秒','库存水平/出入库记录/盘点结果','按区域排序','仓库主管'),
('DP025','设备保养','86400秒','保养计划/执行记录/保养周期','按到期时间升序','设备主管'),
('DP026','培训发展','2592000秒','培训计划/完成率/效果评估','按部门排序','培训经理'),
('DP027','风险管理','3600秒','风险识别/评估等级/应对措施','按等级降序','风险经理'),
('DP028','合规管理','86400秒','合规检查/整改进度/审计结果','按状态排序','合规总监'),
('DP029','可持续发展','604800秒','环保指标/社会责任/可持续发展目标','按指标排序','可持续发展总监'),
('DP030','应急管理','10秒','应急事件/响应时间/恢复进度','按紧急程度降序','应急指挥官');

-- ======================== 实时汇总数据表 ========================
INSERT INTO `实时汇总数据表` (`汇总编号`,`统计时间`,`总用电量kWh`,`总用水量m3`,`总蒸汽消耗量t`,`总天然气消耗量m3`,`光伏总发电量kWh`,`光伏自用电量kWh`,`总告警次数`,`高等级告警数`,`中等级告警数`,`低等级告警数`) VALUES
('HZ001','2025-01-01 08:00:00',15420.5,345.2,125.8,390.3,450.8,125.4,12,3,5,4),
('HZ002','2025-01-01 09:00:00',15850.8,358.7,132.1,412.6,521.3,145.8,15,4,7,4),
('HZ003','2025-01-01 10:00:00',16280.2,372.1,138.9,431.7,487.8,132.5,11,2,6,3),
('HZ004','2025-01-01 11:00:00',16780.7,385.6,145.2,452.3,554.2,158.9,18,5,8,5),
('HZ005','2025-01-01 12:00:00',17250.3,398.4,151.8,472.8,521.6,142.7,14,3,7,4),
('HZ006','2025-01-01 13:00:00',17680.9,412.7,158.3,493.1,487.4,128.9,16,4,8,4),
('HZ007','2025-01-01 14:00:00',18120.6,425.8,164.9,513.4,445.7,115.2,13,3,6,4),
('HZ008','2025-01-01 15:00:00',18540.2,438.9,171.5,533.8,412.3,102.8,17,4,9,4),
('HZ009','2025-01-01 16:00:00',18980.7,451.2,178.2,554.1,378.9,89.4,15,3,8,4),
('HZ010','2025-01-01 17:00:00',19350.4,465.7,184.7,574.5,345.6,76.2,19,5,10,4),
('HZ011','2025-01-01 18:00:00',19780.9,478.3,191.2,595.8,312.4,63.8,14,3,7,4),
('HZ012','2025-01-01 19:00:00',20120.5,492.1,198.7,617.2,278.9,51.4,16,4,8,4),
('HZ013','2025-01-01 20:00:00',20580.8,505.6,205.3,638.9,245.7,38.9,12,2,6,4),
('HZ014','2025-01-01 21:00:00',20940.3,518.2,212.8,659.4,198.6,26.7,13,3,7,3),
('HZ015','2025-01-01 22:00:00',21380.7,531.4,219.5,681.2,156.8,18.9,11,2,5,4),
('HZ016','2025-01-02 08:00:00',21750.2,544.7,226.1,702.8,485.3,132.1,14,3,7,4),
('HZ017','2025-01-02 09:00:00',22180.6,558.9,233.7,724.5,512.8,145.6,16,4,8,4),
('HZ018','2025-01-02 10:00:00',22640.9,572.3,241.2,746.9,478.9,128.7,13,3,6,4),
('HZ019','2025-01-02 11:00:00',23080.4,585.1,248.8,768.3,545.2,158.3,18,5,9,4),
('HZ020','2025-01-02 12:00:00',23520.7,598.6,256.4,791.5,521.7,142.8,15,4,7,4),
('HZ021','2025-01-02 13:00:00',23980.3,612.4,264.1,814.2,487.3,129.1,17,4,9,4),
('HZ022','2025-01-02 14:00:00',24450.8,625.7,271.8,837.6,452.8,116.5,14,3,7,4),
('HZ023','2025-01-02 15:00:00',24890.4,639.2,279.5,859.3,418.9,103.2,16,4,8,4),
('HZ024','2025-01-02 16:00:00',25380.9,652.8,287.2,882.1,385.4,89.7,13,3,6,4),
('HZ025','2025-01-02 17:00:00',25840.5,666.1,294.9,904.7,352.1,76.8,19,5,10,4),
('HZ026','2025-01-02 18:00:00',26290.7,679.4,302.6,928.3,318.7,64.2,15,4,7,4),
('HZ027','2025-01-02 19:00:00',26750.2,692.7,310.3,950.8,285.4,51.9,17,4,9,4),
('HZ028','2025-01-02 20:00:00',27180.6,706.3,318.1,974.2,252.8,39.4,14,3,7,4),
('HZ029','2025-01-02 21:00:00',27640.9,719.8,325.9,996.7,205.6,27.8,12,2,6,4),
('HZ030','2025-01-02 22:00:00',28090.4,733.2,333.7,1020.1,168.9,19.3,13,3,6,4);

-- ======================== 历史趋势数据表 ========================
INSERT INTO `历史趋势数据表` (`趋势编号`,`能源类型`,`统计周期`,`统计时间`,`能耗发电量数值`,`同比增长率`,`环比增长率`,`行业均值`) VALUES
('QS001','电','日','2025-01-01',1841.8,-2.5,3.2,1650.5),
('QS002','水','日','2025-01-01',348.2,1.8,-0.5,320.8),
('QS003','蒸汽','日','2025-01-01',513.9,-1.2,2.1,480.3),
('QS004','天然气','日','2025-01-01',390.3,4.5,1.8,365.7),
('QS005','光伏','日','2025-01-01',450.8,8.2,5.4,420.1),
('QS006','电','日','2025-01-02',1900.3,2.1,3.3,1680.9),
('QS007','水','日','2025-01-02',362.2,3.9,4.0,325.6),
('QS008','蒸汽','日','2025-01-02',534.2,4.1,3.9,485.2),
('QS009','天然气','日','2025-01-02',412.6,5.7,5.7,372.4),
('QS010','光伏','日','2025-01-02',521.3,9.8,15.8,428.7),
('QS011','电','日','2025-01-03',1805.5,-1.8,-5.0,1665.3),
('QS012','水','日','2025-01-03',348.2,0.0,-4.1,323.9),
('QS013','蒸汽','日','2025-01-03',495.5,-3.2,-7.2,477.8),
('QS014','天然气','日','2025-01-03',390.3,0.0,-5.5,368.1),
('QS015','光伏','日','2025-01-03',487.8,8.2,-6.4,424.5),
('QS016','电','周','2025-01-01',12893.4,1.5,2.8,11500.2),
('QS017','水','周','2025-01-01',2436.8,2.1,1.9,2240.5),
('QS018','蒸汽','周','2025-01-01',3596.3,0.8,2.5,3360.8),
('QS019','天然气','周','2025-01-01',2734.8,3.2,3.9,2560.4),
('QS020','光伏','周','2025-01-01',3161.7,7.5,8.2,2940.3),
('QS021','电','月','2025-01-01',55680.9,4.2,3.1,49800.5),
('QS022','水','月','2025-01-01',10240.5,3.8,2.9,9200.8),
('QS023','蒸汽','月','2025-01-01',15120.3,2.5,4.1,13500.7),
('QS024','天然气','月','2025-01-01',11480.2,5.1,4.8,10200.9),
('QS025','光伏','月','2025-01-01',13850.4,12.3,9.7,12400.6),
('QS026','电','日','2025-01-04',1785.2,-0.9,-1.1,1658.7),
('QS027','水','日','2025-01-04',335.8,-3.6,-3.6,318.2),
('QS028','蒸汽','日','2025-01-04',485.7,-2.1,-2.3,474.5),
('QS029','天然气','日','2025-01-04',378.9,-3.1,-3.0,361.8),
('QS030','光伏','日','2025-01-04',465.3,-4.6,-4.6,416.9);

SELECT '所有测试数据插入完成！每个表至少有30条记录。' AS message;
