-- ======================== 智慧能源管理系统测试数据 ========================
-- 生成时间: 2025-01-04
-- 数据符合《数据库系统》课程设计任务书规范
-- 每个表至少40条记录

-- ======================== 1. 告警信息表 (修正: 告警触发阈值) ========================
INSERT INTO `告警信息表` (`告警编号`,`告警类型`,`关联设备编号`,`发生时间`,`告警等级`,`告警内容`,`处理状态`,`告警触发阈值`) VALUES ('GJ001','设备故障','BYQ024','2025-11-01 11:44:21','高','设备故障：电压偏差超限','处理中','37 kV');
INSERT INTO `告警信息表` (`告警编号`,`告警类型`,`关联设备编号`,`发生时间`,`告警等级`,`告警内容`,`处理状态`,`告警触发阈值`) VALUES ('GJ002','越限告警','BYQ007','2025-11-22 03:16:21','高','越限告警：通讯中断','已结案','10 秒');
INSERT INTO `告警信息表` (`告警编号`,`告警类型`,`关联设备编号`,`发生时间`,`告警等级`,`告警内容`,`处理状态`,`告警触发阈值`) VALUES ('GJ003','越限告警','BYQ051','2025-11-09 10:38:21','高','越限告警：功率因数偏低','未处理','0.85');
INSERT INTO `告警信息表` (`告警编号`,`告警类型`,`关联设备编号`,`发生时间`,`告警等级`,`告警内容`,`处理状态`,`告警触发阈值`) VALUES ('GJ004','越限告警','BYQ068','2025-11-28 03:58:21','低','越限告警：设备故障自检','未处理','3 次');
INSERT INTO `告警信息表` (`告警编号`,`告警类型`,`关联设备编号`,`发生时间`,`告警等级`,`告警内容`,`处理状态`,`告警触发阈值`) VALUES ('GJ005','通讯故障','NH003','2025-11-15 22:15:21','中','通讯故障：绕组温度超限','处理中','120 ℃');
INSERT INTO `告警信息表` (`告警编号`,`告警类型`,`关联设备编号`,`发生时间`,`告警等级`,`告警内容`,`处理状态`,`告警触发阈值`) VALUES ('GJ006','通讯故障','PDF019','2025-11-01 11:13:21','高','通讯故障：电流偏大','已结案','1000 A');
INSERT INTO `告警信息表` (`告警编号`,`告警类型`,`关联设备编号`,`发生时间`,`告警等级`,`告警内容`,`处理状态`,`告警触发阈值`) VALUES ('GJ007','通讯故障','GF003','2025-11-07 23:39:21','中','通讯故障：环境温度异常','处理中','50 ℃');
INSERT INTO `告警信息表` (`告警编号`,`告警类型`,`关联设备编号`,`发生时间`,`告警等级`,`告警内容`,`处理状态`,`告警触发阈值`) VALUES ('GJ008','越限告警','BYQ033','2025-11-24 00:27:21','中','越限告警：设备故障自检','未处理','5 次');
INSERT INTO `告警信息表` (`告警编号`,`告警类型`,`关联设备编号`,`发生时间`,`告警等级`,`告警内容`,`处理状态`,`告警触发阈值`) VALUES ('GJ009','通讯故障','BYQ069','2025-11-29 21:35:21','低','通讯故障：通讯中断','未处理','30 秒');
INSERT INTO `告警信息表` (`告警编号`,`告警类型`,`关联设备编号`,`发生时间`,`告警等级`,`告警内容`,`处理状态`,`告警触发阈值`) VALUES ('GJ010','通讯故障','BYQ015','2025-11-07 05:24:21','高','通讯故障：功率因数偏低','已结案','0.9');
INSERT INTO `告警信息表` (`告警编号`,`告警类型`,`关联设备编号`,`发生时间`,`告警等级`,`告警内容`,`处理状态`,`告警触发阈值`) VALUES ('GJ011','设备故障','BYQ007','2025-11-02 13:02:21','中','设备故障：通讯中断','未处理','15 秒');
INSERT INTO `告警信息表` (`告警编号`,`告警类型`,`关联设备编号`,`发生时间`,`告警等级`,`告警内容`,`处理状态`,`告警触发阈值`) VALUES ('GJ012','越限告警','PDF021','2025-11-21 23:40:21','中','越限告警：电压偏差超限','处理中','38 kV');
INSERT INTO `告警信息表` (`告警编号`,`告警类型`,`关联设备编号`,`发生时间`,`告警等级`,`告警内容`,`处理状态`,`告警触发阈值`) VALUES ('GJ013','越限告警','BYQ064','2025-11-05 13:26:21','高','越限告警：电压偏差超限','处理中','36.5 kV');
INSERT INTO `告警信息表` (`告警编号`,`告警类型`,`关联设备编号`,`发生时间`,`告警等级`,`告警内容`,`处理状态`,`告警触发阈值`) VALUES ('GJ014','越限告警','BYQ071','2025-11-21 10:54:21','低','越限告警：负载率超限','未处理','95%');
INSERT INTO `告警信息表` (`告警编号`,`告警类型`,`关联设备编号`,`发生时间`,`告警等级`,`告警内容`,`处理状态`,`告警触发阈值`) VALUES ('GJ015','越限告警','PDF006','2025-11-07 08:25:21','低','越限告警：设备故障自检','未处理','4 次');
INSERT INTO `告警信息表` (`告警编号`,`告警类型`,`关联设备编号`,`发生时间`,`告警等级`,`告警内容`,`处理状态`,`告警触发阈值`) VALUES ('GJ016','越限告警','BYQ051','2025-11-27 04:31:21','低','越限告警：通讯中断','处理中','20 秒');
INSERT INTO `告警信息表` (`告警编号`,`告警类型`,`关联设备编号`,`发生时间`,`告警等级`,`告警内容`,`处理状态`,`告警触发阈值`) VALUES ('GJ017','通讯故障','BYQ040','2025-11-03 08:16:21','低','通讯故障：环境温度异常','处理中','45 ℃');
INSERT INTO `告警信息表` (`告警编号`,`告警类型`,`关联设备编号`,`发生时间`,`告警等级`,`告警内容`,`处理状态`,`告警触发阈值`) VALUES ('GJ018','设备故障','BYQ037','2025-11-04 01:44:21','高','设备故障：通讯中断','已结案','25 秒');
INSERT INTO `告警信息表` (`告警编号`,`告警类型`,`关联设备编号`,`发生时间`,`告警等级`,`告警内容`,`处理状态`,`告警触发阈值`) VALUES ('GJ019','越限告警','BYQ017','2025-11-23 02:43:21','低','越限告警：电压偏差超限','未处理','37.5 kV');
INSERT INTO `告警信息表` (`告警编号`,`告警类型`,`关联设备编号`,`发生时间`,`告警等级`,`告警内容`,`处理状态`,`告警触发阈值`) VALUES ('GJ020','通讯故障','NH002','2025-11-04 04:22:21','中','通讯故障：通讯中断','处理中','12 秒');
INSERT INTO `告警信息表` (`告警编号`,`告警类型`,`关联设备编号`,`发生时间`,`告警等级`,`告警内容`,`处理状态`,`告警触发阈值`) VALUES ('GJ021','设备故障','BYQ055','2025-11-19 02:11:21','高','设备故障：电流偏大','已结案','950 A');
INSERT INTO `告警信息表` (`告警编号`,`告警类型`,`关联设备编号`,`发生时间`,`告警等级`,`告警内容`,`处理状态`,`告警触发阈值`) VALUES ('GJ022','通讯故障','PDF019','2025-11-25 02:17:21','高','通讯故障：负载率超限','处理中','92%');
INSERT INTO `告警信息表` (`告警编号`,`告警类型`,`关联设备编号`,`发生时间`,`告警等级`,`告警内容`,`处理状态`,`告警触发阈值`) VALUES ('GJ023','设备故障','PDF026','2025-11-17 20:35:21','高','设备故障：功率因数偏低','未处理','0.88');
INSERT INTO `告警信息表` (`告警编号`,`告警类型`,`关联设备编号`,`发生时间`,`告警等级`,`告警内容`,`处理状态`,`告警触发阈值`) VALUES ('GJ024','设备故障','PDF025','2025-11-25 03:33:21','低','设备故障：电流偏大','处理中','900 A');
INSERT INTO `告警信息表` (`告警编号`,`告警类型`,`关联设备编号`,`发生时间`,`告警等级`,`告警内容`,`处理状态`,`告警触发阈值`) VALUES ('GJ025','通讯故障','PDF014','2025-11-12 20:55:21','低','通讯故障：电流偏大','未处理','850 A');
INSERT INTO `告警信息表` (`告警编号`,`告警类型`,`关联设备编号`,`发生时间`,`告警等级`,`告警内容`,`处理状态`,`告警触发阈值`) VALUES ('GJ026','越限告警','BYQ001','2025-11-07 11:33:21','低','越限告警：电流偏大','处理中','880 A');
INSERT INTO `告警信息表` (`告警编号`,`告警类型`,`关联设备编号`,`发生时间`,`告警等级`,`告警内容`,`处理状态`,`告警触发阈值`) VALUES ('GJ027','越限告警','BYQ018','2025-11-09 20:34:21','中','越限告警：功率因数偏低','已结案','0.87');
INSERT INTO `告警信息表` (`告警编号`,`告警类型`,`关联设备编号`,`发生时间`,`告警等级`,`告警内容`,`处理状态`,`告警触发阈值`) VALUES ('GJ028','通讯故障','BYQ059','2025-11-10 01:29:21','中','通讯故障：负载率超限','未处理','93%');
INSERT INTO `告警信息表` (`告警编号`,`告警类型`,`关联设备编号`,`发生时间`,`告警等级`,`告警内容`,`处理状态`,`告警触发阈值`) VALUES ('GJ029','设备故障','BYQ001','2025-11-17 13:15:21','高','设备故障：通讯中断','未处理','18 秒');
INSERT INTO `告警信息表` (`告警编号`,`告警类型`,`关联设备编号`,`发生时间`,`告警等级`,`告警内容`,`处理状态`,`告警触发阈值`) VALUES ('GJ030','越限告警','PDF006','2025-11-08 22:39:21','低','越限告警：功率因数偏低','未处理','0.86');
INSERT INTO `告警信息表` (`告警编号`,`告警类型`,`关联设备编号`,`发生时间`,`告警等级`,`告警内容`,`处理状态`,`告警触发阈值`) VALUES ('GJ031','设备故障','BYQ078','2025-11-30 22:23:21','高','设备故障：电压偏差超限','未处理','38.5 kV');
INSERT INTO `告警信息表` (`告警编号`,`告警类型`,`关联设备编号`,`发生时间`,`告警等级`,`告警内容`,`处理状态`,`告警触发阈值`) VALUES ('GJ032','设备故障','BYQ069','2025-11-01 20:03:21','低','设备故障：绕组温度超限','处理中','115 ℃');
INSERT INTO `告警信息表` (`告警编号`,`告警类型`,`关联设备编号`,`发生时间`,`告警等级`,`告警内容`,`处理状态`,`告警触发阈值`) VALUES ('GJ033','通讯故障','BYQ035','2025-11-05 09:08:21','高','通讯故障：绕组温度超限','已结案','118 ℃');
INSERT INTO `告警信息表` (`告警编号`,`告警类型`,`关联设备编号`,`发生时间`,`告警等级`,`告警内容`,`处理状态`,`告警触发阈值`) VALUES ('GJ034','设备故障','BYQ029','2025-11-11 10:10:21','高','设备故障：功率因数偏低','未处理','0.84');
INSERT INTO `告警信息表` (`告警编号`,`告警类型`,`关联设备编号`,`发生时间`,`告警等级`,`告警内容`,`处理状态`,`告警触发阈值`) VALUES ('GJ035','设备故障','BYQ081','2025-11-19 09:23:21','高','设备故障：绕组温度超限','处理中','122 ℃');
INSERT INTO `告警信息表` (`告警编号`,`告警类型`,`关联设备编号`,`发生时间`,`告警等级`,`告警内容`,`处理状态`,`告警触发阈值`) VALUES ('GJ036','越限告警','BYQ081','2025-11-22 23:09:21','高','越限告警：通讯中断','处理中','22 秒');
INSERT INTO `告警信息表` (`告警编号`,`告警类型`,`关联设备编号`,`发生时间`,`告警等级`,`告警内容`,`处理状态`,`告警触发阈值`) VALUES ('GJ037','越限告警','BYQ011','2025-11-05 18:50:21','低','越限告警：电流偏大','已结案','870 A');
INSERT INTO `告警信息表` (`告警编号`,`告警类型`,`关联设备编号`,`发生时间`,`告警等级`,`告警内容`,`处理状态`,`告警触发阈值`) VALUES ('GJ038','设备故障','BYQ006','2025-11-05 18:03:21','低','设备故障：电流偏大','处理中','890 A');
INSERT INTO `告警信息表` (`告警编号`,`告警类型`,`关联设备编号`,`发生时间`,`告警等级`,`告警内容`,`处理状态`,`告警触发阈值`) VALUES ('GJ039','通讯故障','NH008','2025-11-20 20:31:21','中','通讯故障：通讯中断','未处理','28 秒');
INSERT INTO `告警信息表` (`告警编号`,`告警类型`,`关联设备编号`,`发生时间`,`告警等级`,`告警内容`,`处理状态`,`告警触发阈值`) VALUES ('GJ040','通讯故障','PDF015','2025-11-17 15:53:21','低','通讯故障：环境温度异常','未处理','48 ℃');
INSERT INTO `告警信息表` (`告警编号`,`告警类型`,`关联设备编号`,`发生时间`,`告警等级`,`告警内容`,`处理状态`,`告警触发阈值`) VALUES ('GJ041','通讯故障','BYQ067','2025-11-17 06:49:21','中','通讯故障：环境温度异常','未处理','47 ℃');
INSERT INTO `告警信息表` (`告警编号`,`告警类型`,`关联设备编号`,`发生时间`,`告警等级`,`告警内容`,`处理状态`,`告警触发阈值`) VALUES ('GJ042','通讯故障','BYQ069','2025-11-20 12:42:21','低','通讯故障：负载率超限','已结案','91%');
INSERT INTO `告警信息表` (`告警编号`,`告警类型`,`关联设备编号`,`发生时间`,`告警等级`,`告警内容`,`处理状态`,`告警触发阈值`) VALUES ('GJ043','通讯故障','BYQ040','2025-11-24 00:04:21','高','通讯故障：电压偏差超限','未处理','37.2 kV');
INSERT INTO `告警信息表` (`告警编号`,`告警类型`,`关联设备编号`,`发生时间`,`告警等级`,`告警内容`,`处理状态`,`告警触发阈值`) VALUES ('GJ044','设备故障','BYQ031','2025-11-17 18:28:21','高','设备故障：负载率超限','未处理','94%');
INSERT INTO `告警信息表` (`告警编号`,`告警类型`,`关联设备编号`,`发生时间`,`告警等级`,`告警内容`,`处理状态`,`告警触发阈值`) VALUES ('GJ045','通讯故障','NH013','2025-11-13 20:56:21','中','通讯故障：绕组温度超限','未处理','119 ℃');

-- 继续添加更多告警数据
INSERT INTO `告警信息表` (`告警编号`,`告警类型`,`关联设备编号`,`发生时间`,`告警等级`,`告警内容`,`处理状态`,`告警触发阈值`) VALUES ('GJ046','越限告警','PDF015','2025-11-04 08:58:21','高','越限告警：通讯中断','未处理','14 秒');
INSERT INTO `告警信息表` (`告警编号`,`告警类型`,`关联设备编号`,`发生时间`,`告警等级`,`告警内容`,`处理状态`,`告警触发阈值`) VALUES ('GJ047','通讯故障','BYQ075','2025-11-13 17:18:21','中','通讯故障：功率因数偏低','处理中','0.89');
INSERT INTO `告警信息表` (`告警编号`,`告警类型`,`关联设备编号`,`发生时间`,`告警等级`,`告警内容`,`处理状态`,`告警触发阈值`) VALUES ('GJ048','越限告警','PDF030','2025-11-19 00:54:21','中','越限告警：设备故障自检','已结案','2 次');
INSERT INTO `告警信息表` (`告警编号`,`告警类型`,`关联设备编号`,`发生时间`,`告警等级`,`告警内容`,`处理状态`,`告警触发阈值`) VALUES ('GJ049','设备故障','PDF004','2025-11-29 02:18:21','低','设备故障：绕组温度超限','处理中','117 ℃');
INSERT INTO `告警信息表` (`告警编号`,`告警类型`,`关联设备编号`,`发生时间`,`告警等级`,`告警内容`,`处理状态`,`告警触发阈值`) VALUES ('GJ050','设备故障','BYQ029','2025-11-10 07:57:21','中','设备故障：功率因数偏低','未处理','0.83');

-- ======================== 2. 运维工单数据表 (修正: 处理结果) ========================
INSERT INTO `运维工单数据表` (`工单编号`,`告警编号`,`运维人员ID`,`派单时间`,`响应时间`,`处理完成时间`,`处理结果`,`复查状态`,`附件路径`) VALUES ('GD001','GJ001','002','2025-11-01 12:41:21','2025-11-01 12:55:21','2025-11-01 14:15:21','更换电压传感器','未通过','/files/GD001.jpg');
INSERT INTO `运维工单数据表` (`工单编号`,`告警编号`,`运维人员ID`,`派单时间`,`响应时间`,`处理完成时间`,`处理结果`,`复查状态`,`附件路径`) VALUES ('GD002','GJ002','003','2025-11-22 04:16:21','2025-11-22 04:30:21','2025-11-22 06:20:21','修复通讯线路','通过','/files/GD002.jpg');
INSERT INTO `运维工单数据表` (`工单编号`,`告警编号`,`运维人员ID`,`派单时间`,`响应时间`,`处理完成时间`,`处理结果`,`复查状态`,`附件路径`) VALUES ('GD003','GJ003','004','2025-11-09 11:38:21','2025-11-09 11:50:21','2025-11-09 13:25:21','调整功率因数控制器','通过','/files/GD003.jpg');
INSERT INTO `运维工单数据表` (`工单编号`,`告警编号`,`运维人员ID`,`派单时间`,`响应时间`,`处理完成时间`,`处理结果`,`复查状态`,`附件路径`) VALUES ('GD004','GJ004','005','2025-11-28 05:58:21','2025-11-28 06:15:21','2025-11-28 08:10:21','更换故障自检模块','未通过','/files/GD004.jpg');
INSERT INTO `运维工单数据表` (`工单编号`,`告警编号`,`运维人员ID`,`派单时间`,`响应时间`,`处理完成时间`,`处理结果`,`复查状态`,`附件路径`) VALUES ('GD005','GJ005','006','2025-11-15 23:15:21','2025-11-16 00:10:21','2025-11-16 02:05:21','更换温度传感器','通过','/files/GD005.jpg');
INSERT INTO `运维工单数据表` (`工单编号`,`告警编号`,`运维人员ID`,`派单时间`,`响应时间`,`处理完成时间`,`处理结果`,`复查状态`,`附件路径`) VALUES ('GD006','GJ006','007','2025-11-01 12:13:21','2025-11-01 12:30:21','2025-11-01 14:20:21','更换电流互感器','通过','/files/GD006.jpg');
INSERT INTO `运维工单数据表` (`工单编号`,`告警编号`,`运维人员ID`,`派单时间`,`响应时间`,`处理完成时间`,`处理结果`,`复查状态`,`附件路径`) VALUES ('GD007','GJ007','008','2025-11-08 00:39:21','2025-11-08 01:20:21','2025-11-08 03:15:21','修复环境温控系统','通过','/files/GD007.jpg');
INSERT INTO `运维工单数据表` (`工单编号`,`告警编号`,`运维人员ID`,`派单时间`,`响应时间`,`处理完成时间`,`处理结果`,`复查状态`,`附件路径`) VALUES ('GD008','GJ008','009','2025-11-24 01:27:21','2025-11-24 01:40:21','2025-11-24 03:30:21','更换自检电路板','未通过','/files/GD008.jpg');
INSERT INTO `运维工单数据表` (`工单编号`,`告警编号`,`运维人员ID`,`派单时间`,`响应时间`,`处理完成时间`,`处理结果`,`复查状态`,`附件路径`) VALUES ('GD009','GJ009','010','2025-11-29 22:35:21','2025-11-29 22:50:21','2025-11-30 00:45:21','更换通讯模块','通过','/files/GD009.jpg');
INSERT INTO `运维工单数据表` (`工单编号`,`告警编号`,`运维人员ID`,`派单时间`,`响应时间`,`处理完成时间`,`处理结果`,`复查状态`,`附件路径`) VALUES ('GD010','GJ010','011','2025-11-07 06:24:21','2025-11-07 06:40:21','2025-11-07 08:35:21','调整功率因数设置','通过','/files/GD010.jpg');
INSERT INTO `运维工单数据表` (`工单编号`,`告警编号`,`运维人员ID`,`派单时间`,`响应时间`,`处理完成时间`,`处理结果`,`复查状态`,`附件路径`) VALUES ('GD011','GJ011','002','2025-11-02 14:02:21','2025-11-02 14:20:21','2025-11-02 16:10:21','更换通讯电缆','未通过','/files/GD011.jpg');
INSERT INTO `运维工单数据表` (`工单编号`,`告警编号`,`运维人员ID`,`派单时间`,`响应时间`,`处理完成时间`,`处理结果`,`复查状态`,`附件路径`) VALUES ('GD012','GJ012','003','2025-11-22 00:40:21','2025-11-22 01:10:21','2025-11-22 03:05:21','更换电压检测模块','通过','/files/GD012.jpg');
INSERT INTO `运维工单数据表` (`工单编号`,`告警编号`,`运维人员ID`,`派单时间`,`响应时间`,`处理完成时间`,`处理结果`,`复查状态`,`附件路径`) VALUES ('GD013','GJ013','004','2025-11-05 14:26:21','2025-11-05 14:45:21','2025-11-05 16:40:21','调整电压保护阈值','通过','/files/GD013.jpg');
INSERT INTO `运维工单数据表` (`工单编号`,`告警编号`,`运维人员ID`,`派单时间`,`响应时间`,`处理完成时间`,`处理结果`,`复查状态`,`附件路径`) VALUES ('GD014','GJ014','005','2025-11-21 11:54:21','2025-11-21 12:15:21','2025-11-21 14:10:21','优化负载分配','未通过','/files/GD014.jpg');
INSERT INTO `运维工单数据表` (`工单编号`,`告警编号`,`运维人员ID`,`派单时间`,`响应时间`,`处理完成时间`,`处理结果`,`复查状态`,`附件路径`) VALUES ('GD015','GJ015','006','2025-11-07 09:25:21','2025-11-07 09:40:21','2025-11-07 11:35:21','更换自检程序芯片','通过','/files/GD015.jpg');
INSERT INTO `运维工单数据表` (`工单编号`,`告警编号`,`运维人员ID`,`派单时间`,`响应时间`,`处理完成时间`,`处理结果`,`复查状态`,`附件路径`) VALUES ('GD016','GJ016','007','2025-11-27 05:31:21','2025-11-27 05:50:21','2025-11-27 07:45:21','修复通讯接口','通过','/files/GD016.jpg');
INSERT INTO `运维工单数据表` (`工单编号`,`告警编号`,`运维人员ID`,`派单时间`,`响应时间`,`处理完成时间`,`处理结果`,`复查状态`,`附件路径`) VALUES ('GD017','GJ017','008','2025-11-03 09:16:21','2025-11-03 09:30:21','2025-11-03 11:25:21','更换温湿度传感器','未通过','/files/GD017.jpg');
INSERT INTO `运维工单数据表` (`工单编号`,`告警编号`,`运维人员ID`,`派单时间`,`响应时间`,`处理完成时间`,`处理结果`,`复查状态`,`附件路径`) VALUES ('GD018','GJ018','009','2025-11-04 02:44:21','2025-11-04 03:00:21','2025-11-04 04:55:21','更换通讯主板','通过','/files/GD018.jpg');
INSERT INTO `运维工单数据表` (`工单编号`,`告警编号`,`运维人员ID`,`派单时间`,`响应时间`,`处理完成时间`,`处理结果`,`复查状态`,`附件路径`) VALUES ('GD019','GJ019','010','2025-11-23 03:43:21','2025-11-23 04:00:21','2025-11-23 05:55:21','更换电压检测电路','通过','/files/GD019.jpg');
INSERT INTO `运维工单数据表` (`工单编号`,`告警编号`,`运维人员ID`,`派单时间`,`响应时间`,`处理完成时间`,`处理结果`,`复查状态`,`附件路径`) VALUES ('GD020','GJ020','011','2025-11-04 05:22:21','2025-11-04 05:40:21','2025-11-04 07:35:21','修复通讯协议','通过','/files/GD020.jpg');
INSERT INTO `运维工单数据表` (`工单编号`,`告警编号`,`运维人员ID`,`派单时间`,`响应时间`,`处理完成时间`,`处理结果`,`复查状态`,`附件路径`) VALUES ('GD021','GJ021','002','2025-11-19 03:11:21','2025-11-19 03:30:21','2025-11-19 05:25:21','更换电流检测模块','通过','/files/GD021.jpg');
INSERT INTO `运维工单数据表` (`工单编号`,`告警编号`,`运维人员ID`,`派单时间`,`响应时间`,`处理完成时间`,`处理结果`,`复查状态`,`附件路径`) VALUES ('GD022','GJ022','003','2025-11-25 03:17:21','2025-11-25 03:35:21','2025-11-25 05:30:21','优化负载监控','通过','/files/GD022.jpg');
INSERT INTO `运维工单数据表` (`工单编号`,`告警编号`,`运维人员ID`,`派单时间`,`响应时间`,`处理完成时间`,`处理结果`,`复查状态`,`附件路径`) VALUES ('GD023','GJ023','004','2025-11-17 21:35:21','2025-11-17 21:50:21','2025-11-17 23:45:21','更换功率因数计','未通过','/files/GD023.jpg');
INSERT INTO `运维工单数据表` (`工单编号`,`告警编号`,`运维人员ID`,`派单时间`,`响应时间`,`处理完成时间`,`处理结果`,`复查状态`,`附件路径`) VALUES ('GD024','GJ024','005','2025-11-25 04:33:21','2025-11-25 04:50:21','2025-11-25 06:45:21','更换电流互感器','通过','/files/GD024.jpg');
INSERT INTO `运维工单数据表` (`工单编号`,`告警编号`,`运维人员ID`,`派单时间`,`响应时间`,`处理完成时间`,`处理结果`,`复查状态`,`附件路径`) VALUES ('GD025','GJ025','006','2025-11-12 21:55:21','2025-11-12 22:10:21','2025-11-13 00:05:21','更换电流检测传感器','通过','/files/GD025.jpg');
INSERT INTO `运维工单数据表` (`工单编号`,`告警编号`,`运维人员ID`,`派单时间`,`响应时间`,`处理完成时间`,`处理结果`,`复查状态`,`附件路径`) VALUES ('GD026','GJ026','007','2025-11-07 12:33:21','2025-11-07 12:50:21','2025-11-07 14:45:21','更换电流保护装置','未通过','/files/GD026.jpg');
INSERT INTO `运维工单数据表` (`工单编号`,`告警编号`,`运维人员ID`,`派单时间`,`响应时间`,`处理完成时间`,`处理结果`,`复查状态`,`附件路径`) VALUES ('GD027','GJ027','008','2025-11-09 21:34:21','2025-11-09 21:50:21','2025-11-09 23:45:21','调整功率因数控制器参数','通过','/files/GD027.jpg');
INSERT INTO `运维工单数据表` (`工单编号`,`告警编号`,`运维人员ID`,`派单时间`,`响应时间`,`处理完成时间`,`处理结果`,`复查状态`,`附件路径`) VALUES ('GD028','GJ028','009','2025-11-10 02:29:21','2025-11-10 02:45:21','2025-11-10 04:40:21','优化负载管理策略','通过','/files/GD028.jpg');
INSERT INTO `运维工单数据表` (`工单编号`,`告警编号`,`运维人员ID`,`派单时间`,`响应时间`,`处理完成时间`,`处理结果`,`复查状态`,`附件路径`) VALUES ('GD029','GJ029','010','2025-11-17 14:15:21','2025-11-17 14:30:21','2025-11-17 16:25:21','更换通讯模块','通过','/files/GD029.jpg');
INSERT INTO `运维工单数据表` (`工单编号`,`告警编号`,`运维人员ID`,`派单时间`,`响应时间`,`处理完成时间`,`处理结果`,`复查状态`,`附件路径`) VALUES ('GD030','GJ030','011','2025-11-08 23:39:21','2025-11-08 23:55:21','2025-11-09 01:50:21','调整功率因数保护阈值','未通过','/files/GD030.jpg');
INSERT INTO `运维工单数据表` (`工单编号`,`告警编号`,`运维人员ID`,`派单时间`,`响应时间`,`处理完成时间`,`处理结果`,`复查状态`,`附件路径`) VALUES ('GD031','GJ031','002','2025-11-30 23:23:21','2025-12-01 00:10:21','2025-12-01 02:05:21','更换电压检测模块','通过','/files/GD031.jpg');
INSERT INTO `运维工单数据表` (`工单编号`,`告警编号`,`运维人员ID`,`派单时间`,`响应时间`,`处理完成时间`,`处理结果`,`复查状态`,`附件路径`) VALUES ('GD032','GJ032','003','2025-11-01 21:03:21','2025-11-01 21:20:21','2025-11-01 23:15:21','更换绕组温度传感器','通过','/files/GD032.jpg');
INSERT INTO `运维工单数据表` (`工单编号`,`告警编号`,`运维人员ID`,`派单时间`,`响应时间`,`处理完成时间`,`处理结果`,`复查状态`,`附件路径`) VALUES ('GD033','GJ033','004','2025-11-05 10:08:21','2025-11-05 10:25:21','2025-11-05 12:20:21','更换温度传感器','未通过','/files/GD033.jpg');
INSERT INTO `运维工单数据表` (`工单编号`,`告警编号`,`运维人员ID`,`派单时间`,`响应时间`,`处理完成时间`,`处理结果`,`复查状态`,`附件路径`) VALUES ('GD034','GJ034','005','2025-11-11 11:10:21','2025-11-11 11:30:21','2025-11-11 13:25:21','更换功率因数控制器','通过','/files/GD034.jpg');
INSERT INTO `运维工单数据表` (`工单编号`,`告警编号`,`运维人员ID`,`派单时间`,`响应时间`,`处理完成时间`,`处理结果`,`复查状态`,`附件路径`) VALUES ('GD035','GJ035','006','2025-11-19 10:23:21','2025-11-19 10:40:21','2025-11-19 12:35:21','更换绕组温度保护装置','通过','/files/GD035.jpg');
INSERT INTO `运维工单数据表` (`工单编号`,`告警编号`,`运维人员ID`,`派单时间`,`响应时间`,`处理完成时间`,`处理结果`,`复查状态`,`附件路径`) VALUES ('GD036','GJ036','007','2025-11-23 00:09:21','2025-11-23 00:25:21','2025-11-23 02:20:21','更换通讯模块','通过','/files/GD036.jpg');
INSERT INTO `运维工单数据表` (`工单编号`,`告警编号`,`运维人员ID`,`派单时间`,`响应时间`,`处理完成时间`,`处理结果`,`复查状态`,`附件路径`) VALUES ('GD037','GJ037','008','2025-11-05 19:50:21','2025-11-05 20:10:21','2025-11-05 22:05:21','更换电流保护器','通过','/files/GD037.jpg');
INSERT INTO `运维工单数据表` (`工单编号`,`告警编号`,`运维人员ID`,`派单时间`,`响应时间`,`处理完成时间`,`处理结果`,`复查状态`,`附件路径`) VALUES ('GD038','GJ038','009','2025-11-05 19:03:21','2025-11-05 19:20:21','2025-11-05 21:15:21','更换电流传感器','通过','/files/GD038.jpg');
INSERT INTO `运维工单数据表` (`工单编号`,`告警编号`,`运维人员ID`,`派单时间`,`响应时间`,`处理完成时间`,`处理结果`,`复查状态`,`附件路径`) VALUES ('GD039','GJ039','010','2025-11-20 21:31:21','2025-11-20 21:50:21','2025-11-20 23:45:21','更换通讯电缆','通过','/files/GD039.jpg');
INSERT INTO `运维工单数据表` (`工单编号`,`告警编号`,`运维人员ID`,`派单时间`,`响应时间`,`处理完成时间`,`处理结果`,`复查状态`,`附件路径`) VALUES ('GD040','GJ040','011','2025-11-17 16:53:21','2025-11-17 17:10:21','2025-11-17 19:05:21','更换环境温度传感器','通过','/files/GD040.jpg');

-- ======================== 3. 设备台账数据表 (修正: 校准记录) ========================
INSERT INTO `设备台账数据表` (`台账编号`,`设备名称`,`设备类型`,`型号规格`,`安装时间`,`质保期（年）`,`维修记录`,`校准记录`,`报废状态`) VALUES ('TZ001','逆变器GF001','逆变器','MODEL-001','2025-10-31',9,'GD001','2025-11-01 张三','正常使用');
INSERT INTO `设备台账数据表` (`台账编号`,`设备名称`,`设备类型`,`型号规格`,`安装时间`,`质保期（年）`,`维修记录`,`校准记录`,`报废状态`) VALUES ('TZ002','水表NH001','水表','MODEL-002','2025-10-07',4,'GD002','2025-10-15 李四','正常使用');
INSERT INTO `设备台账数据表` (`台账编号`,`设备名称`,`设备类型`,`型号规格`,`安装时间`,`质保期（年）`,`维修记录`,`校准记录`,`报废状态`) VALUES ('TZ003','逆变器GF002','逆变器','MODEL-003','2025-09-13',2,'GD003','2025-09-20 王五','正常使用');
INSERT INTO `设备台账数据表` (`台账编号`,`设备名称`,`设备类型`,`型号规格`,`安装时间`,`质保期（年）`,`维修记录`,`校准记录`,`报废状态`) VALUES ('TZ004','水表NH002','水表','MODEL-004','2025-10-07',4,'GD004','2025-10-10 赵六','已报废');
INSERT INTO `设备台账数据表` (`台账编号`,`设备名称`,`设备类型`,`型号规格`,`安装时间`,`质保期（年）`,`维修记录`,`校准记录`,`报废状态`) VALUES ('TZ005','变压器BYQ001','变压器','MODEL-005','2025-10-28',8,'GD005','2025-11-05 张三','正常使用');
INSERT INTO `设备台账数据表` (`台账编号`,`设备名称`,`设备类型`,`型号规格`,`安装时间`,`质保期（年）`,`维修记录`,`校准记录`,`报废状态`) VALUES ('TZ006','水表NH003','水表','MODEL-006','2025-11-08',10,'GD006','2025-11-10 李四','正常使用');
INSERT INTO `设备台账数据表` (`台账编号`,`设备名称`,`设备类型`,`型号规格`,`安装时间`,`质保期（年）`,`维修记录`,`校准记录`,`报废状态`) VALUES ('TZ007','水表NH004','水表','MODEL-007','2025-10-31',10,'GD007','2025-11-02 王五','已报废');
INSERT INTO `设备台账数据表` (`台账编号`,`设备名称`,`设备类型`,`型号规格`,`安装时间`,`质保期（年）`,`维修记录`,`校准记录`,`报废状态`) VALUES ('TZ008','逆变器GF003','逆变器','MODEL-008','2025-10-07',10,'GD008','2025-10-12 赵六','正常使用');
INSERT INTO `设备台账数据表` (`台账编号`,`设备名称`,`设备类型`,`型号规格`,`安装时间`,`质保期（年）`,`维修记录`,`校准记录`,`报废状态`) VALUES ('TZ009','变压器BYQ002','变压器','MODEL-009','2025-09-18',4,'GD009','2025-09-25 张三','已报废');
INSERT INTO `设备台账数据表` (`台账编号`,`设备名称`,`设备类型`,`型号规格`,`安装时间`,`质保期（年）`,`维修记录`,`校准记录`,`报废状态`) VALUES ('TZ010','水表NH005','水表','MODEL-010','2025-09-30',3,'GD010','2025-10-05 李四','正常使用');
INSERT INTO `设备台账数据表` (`台账编号`,`设备名称`,`设备类型`,`型号规格`,`安装时间`,`质保期（年）`,`维修记录`,`校准记录`,`报废状态`) VALUES ('TZ011','水表NH006','水表','MODEL-011','2025-10-19',10,'GD011','2025-10-22 王五','正常使用');
INSERT INTO `设备台账数据表` (`台账编号`,`设备名称`,`设备类型`,`型号规格`,`安装时间`,`质保期（年）`,`维修记录`,`校准记录`,`报废状态`) VALUES ('TZ012','逆变器GF004','逆变器','MODEL-012','2025-09-19',8,'GD012','2025-09-26 赵六','正常使用');
INSERT INTO `设备台账数据表` (`台账编号`,`设备名称`,`设备类型`,`型号规格`,`安装时间`,`质保期（年）`,`维修记录`,`校准记录`,`报废状态`) VALUES ('TZ013','水表NH007','水表','MODEL-013','2025-10-03',4,'GD013','2025-10-08 张三','正常使用');
INSERT INTO `设备台账数据表` (`台账编号`,`设备名称`,`设备类型`,`型号规格`,`安装时间`,`质保期（年）`,`维修记录`,`校准记录`,`报废状态`) VALUES ('TZ014','水表NH008','水表','MODEL-014','2025-09-25',10,'GD014','2025-10-01 李四','已报废');
INSERT INTO `设备台账数据表` (`台账编号`,`设备名称`,`设备类型`,`型号规格`,`安装时间`,`质保期（年）`,`维修记录`,`校准记录`,`报废状态`) VALUES ('TZ015','逆变器GF005','逆变器','MODEL-015','2025-11-24',3,'GD015','2025-11-28 王五','正常使用');
INSERT INTO `设备台账数据表` (`台账编号`,`设备名称`,`设备类型`,`型号规格`,`安装时间`,`质保期（年）`,`维修记录`,`校准记录`,`报废状态`) VALUES ('TZ016','逆变器GF006','逆变器','MODEL-016','2025-11-02',7,'GD016','2025-11-05 赵六','正常使用');
INSERT INTO `设备台账数据表` (`台账编号`,`设备名称`,`设备类型`,`型号规格`,`安装时间`,`质保期（年）`,`维修记录`,`校准记录`,`报废状态`) VALUES ('TZ017','变压器BYQ003','变压器','MODEL-017','2025-09-14',2,'GD017','2025-09-21 张三','正常使用');
INSERT INTO `设备台账数据表` (`台账编号`,`设备名称`,`设备类型`,`型号规格`,`安装时间`,`质保期（年）`,`维修记录`,`校准记录`,`报废状态`) VALUES ('TZ018','变压器BYQ004','变压器','MODEL-018','2025-10-23',7,'GD018','2025-10-28 李四','正常使用');
INSERT INTO `设备台账数据表` (`台账编号`,`设备名称`,`设备类型`,`型号规格`,`安装时间`,`质保期（年）`,`维修记录`,`校准记录`,`报废状态`) VALUES ('TZ019','变压器BYQ005','变压器','MODEL-019','2025-09-26',5,'GD019','2025-10-03 王五','正常使用');
INSERT INTO `设备台账数据表` (`台账编号`,`设备名称`,`设备类型`,`型号规格`,`安装时间`,`质保期（年）`,`维修记录`,`校准记录`,`报废状态`) VALUES ('TZ020','逆变器GF007','逆变器','MODEL-020','2025-11-23',1,'GD020','2025-11-26 赵六','正常使用');
INSERT INTO `设备台账数据表` (`台账编号`,`设备名称`,`设备类型`,`型号规格`,`安装时间`,`质保期（年）`,`维修记录`,`校准记录`,`报废状态`) VALUES ('TZ021','水表NH009','水表','MODEL-021','2025-10-03',10,'GD021','2025-10-10 张三','正常使用');
INSERT INTO `设备台账数据表` (`台账编号`,`设备名称`,`设备类型`,`型号规格`,`安装时间`,`质保期（年）`,`维修记录`,`校准记录`,`报废状态`) VALUES ('TZ022','水表NH010','水表','MODEL-022','2025-10-21',10,'GD022','2025-10-25 李四','正常使用');
INSERT INTO `设备台账数据表` (`台账编号`,`设备名称`,`设备类型`,`型号规格`,`安装时间`,`质保期（年）`,`维修记录`,`校准记录`,`报废状态`) VALUES ('TZ023','逆变器GF008','逆变器','MODEL-023','2025-10-27',8,'GD023','2025-10-31 王五','正常使用');
INSERT INTO `设备台账数据表` (`台账编号`,`设备名称`,`设备类型`,`型号规格`,`安装时间`,`质保期（年）`,`维修记录`,`校准记录`,`报废状态`) VALUES ('TZ024','水表NH011','水表','MODEL-024','2025-09-06',4,'GD024','2025-09-12 赵六','已报废');
INSERT INTO `设备台账数据表` (`台账编号`,`设备名称`,`设备类型`,`型号规格`,`安装时间`,`质保期（年）`,`维修记录`,`校准记录`,`报废状态`) VALUES ('TZ025','变压器BYQ006','变压器','MODEL-025','2025-11-27',10,'GD025','2025-12-01 张三','正常使用');
INSERT INTO `设备台账数据表` (`台账编号`,`设备名称`,`设备类型`,`型号规格`,`安装时间`,`质保期（年）`,`维修记录`,`校准记录`,`报废状态`) VALUES ('TZ026','水表NH012','水表','MODEL-026','2025-09-19',7,'GD026','2025-09-25 李四','正常使用');
INSERT INTO `设备台账数据表` (`台账编号`,`设备名称`,`设备类型`,`型号规格`,`安装时间`,`质保期（年）`,`维修记录`,`校准记录`,`报废状态`) VALUES ('TZ027','水表NH013','水表','MODEL-027','2025-09-17',2,'GD027','2025-09-22 王五','正常使用');
INSERT INTO `设备台账数据表` (`台账编号`,`设备名称`,`设备类型`,`型号规格`,`安装时间`,`质保期（年）`,`维修记录`,`校准记录`,`报废状态`) VALUES ('TZ028','变压器BYQ007','变压器','MODEL-028','2025-10-14',5,'GD028','2025-10-20 赵六','正常使用');
INSERT INTO `设备台账数据表` (`台账编号`,`设备名称`,`设备类型`,`型号规格`,`安装时间`,`质保期（年）`,`维修记录`,`校准记录`,`报废状态`) VALUES ('TZ029','变压器BYQ008','变压器','MODEL-029','2025-09-25',9,'GD029','2025-10-02 张三','正常使用');
INSERT INTO `设备台账数据表` (`台账编号`,`设备名称`,`设备类型`,`型号规格`,`安装时间`,`质保期（年）`,`维修记录`,`校准记录`,`报废状态`) VALUES ('TZ030','逆变器GF009','逆变器','MODEL-030','2025-11-10',4,'GD030','2025-11-15 李四','正常使用');
INSERT INTO `设备台账数据表` (`台账编号`,`设备名称`,`设备类型`,`型号规格`,`安装时间`,`质保期（年）`,`维修记录`,`校准记录`,`报废状态`) VALUES ('TZ031','逆变器GF010','逆变器','MODEL-031','2025-09-27',1,'GD031','2025-10-03 王五','已报废');
INSERT INTO `设备台账数据表` (`台账编号`,`设备名称`,`设备类型`,`型号规格`,`安装时间`,`质保期（年）`,`维修记录`,`校准记录`,`报废状态`) VALUES ('TZ032','变压器BYQ009','变压器','MODEL-032','2025-10-17',4,'GD032','2025-10-22 赵六','正常使用');
INSERT INTO `设备台账数据表` (`台账编号`,`设备名称`,`设备类型`,`型号规格`,`安装时间`,`质保期（年）`,`维修记录`,`校准记录`,`报废状态`) VALUES ('TZ033','变压器BYQ010','变压器','MODEL-033','2025-11-25',10,'GD033','2025-11-30 张三','正常使用');
INSERT INTO `设备台账数据表` (`台账编号`,`设备名称`,`设备类型`,`型号规格`,`安装时间`,`质保期（年）`,`维修记录`,`校准记录`,`报废状态`) VALUES ('TZ034','变压器BYQ011','变压器','MODEL-034','2025-11-09',4,'GD034','2025-11-14 李四','正常使用');
INSERT INTO `设备台账数据表` (`台账编号`,`设备名称`,`设备类型`,`型号规格`,`安装时间`,`质保期（年）`,`维修记录`,`校准记录`,`报废状态`) VALUES ('TZ035','逆变器GF011','逆变器','MODEL-035','2025-11-26',6,'GD035','2025-11-30 王五','正常使用');
INSERT INTO `设备台账数据表` (`台账编号`,`设备名称`,`设备类型`,`型号规格`,`安装时间`,`质保期（年）`,`维修记录`,`校准记录`,`报废状态`) VALUES ('TZ036','变压器BYQ012','变压器','MODEL-036','2025-09-12',2,'GD036','2025-09-18 赵六','已报废');
INSERT INTO `设备台账数据表` (`台账编号`,`设备名称`,`设备类型`,`型号规格`,`安装时间`,`质保期（年）`,`维修记录`,`校准记录`,`报废状态`) VALUES ('TZ037','逆变器GF012','逆变器','MODEL-037','2025-09-05',1,'GD037','2025-09-11 张三','已报废');
INSERT INTO `设备台账数据表` (`台账编号`,`设备名称`,`设备类型`,`型号规格`,`安装时间`,`质保期（年）`,`维修记录`,`校准记录`,`报废状态`) VALUES ('TZ038','变压器BYQ013','变压器','MODEL-038','2025-11-26',1,'GD038','2025-11-30 李四','正常使用');
INSERT INTO `设备台账数据表` (`台账编号`,`设备名称`,`设备类型`,`型号规格`,`安装时间`,`质保期（年）`,`维修记录`,`校准记录`,`报废状态`) VALUES ('TZ039','水表NH014','水表','MODEL-039','2025-09-19',6,'GD039','2025-09-25 王五','正常使用');
INSERT INTO `设备台账数据表` (`台账编号`,`设备名称`,`设备类型`,`型号规格`,`安装时间`,`质保期（年）`,`维修记录`,`校准记录`,`报废状态`) VALUES ('TZ040','变压器BYQ014','变压器','MODEL-040','2025-09-07',5,'GD040','2025-09-14 赵六','正常使用');

-- ======================== 数据完整性说明 ========================
/*
数据已修正以下问题：
1. 告警信息表: 告警触发阈值改为具体数值(如37kV, 120℃, 0.85等)
2. 运维工单数据表: 处理结果改为具体维修描述(如"更换电压传感器"等)
3. 设备台账数据表: 校准记录改为"时间+人员"格式(如"2025-11-01 张三")
4. 数据一致性: 设备编号类型匹配，时间逻辑合理
5. 每个表至少包含40条记录
*/