INSERT INTO power_distribution_room (配电房编号, 名称, 位置描述, 电压等级, 变压器数量, 投运时间, 负责人ID, 联系方式) VALUES
('PD-35kV-001', '总配电房', 'XX园区A栋地下1层', '35kV/0.4kV', 3, '2020-05-10', 'USER-001', '13800138000'),
('PD-10kV-001', '分配电房1', 'XX园区B栋1层', '10kV/0.4kV', 2, '2020-06-15', 'USER-002', '13900139000'),
('PD-10kV-002', '分配电房2', 'XX园区C栋2层', '10kV/0.4kV', 1, '2021-01-20', 'USER-003', '020-88888888'),
('PD-35kV-002', '西区配电房', 'XX园区西区厂房1层', '35kV/0.4kV', 4, '2019-11-05', 'USER-004', '13700137000'),
('PD-10kV-003', '北区配电房', 'XX园区北区办公楼地下1层', '10kV/0.4kV', 2, '2022-03-12', 'USER-005', '0755-66666666'),
('PD-10kV-004', '南区配电房', 'XX园区南区宿舍1层', '10kV/0.4kV', 1, '2021-09-08', 'USER-006', '13600136000'),
('PD-35kV-003', '东区配电房', 'XX园区东区仓库2层', '35kV/0.4kV', 5, '2018-08-18', 'USER-007', '13500135000'),
('PD-10kV-005', '研发楼配电房', 'XX园区研发楼3层', '10kV/0.4kV', 2, '2023-01-05', 'USER-008', '021-99999999'),
('PD-10kV-006', '生产车间1配电房', 'XX园区生产车间1栋1层', '10kV/0.4kV', 3, '2020-12-20', 'USER-009', '13400134000'),
('PD-10kV-007', '生产车间2配电房', 'XX园区生产车间2栋1层', '10kV/0.4kV', 2, '2021-05-25', 'USER-010', '13200132000'),
('PD-35kV-004', '物流区配电房', 'XX园区物流仓库地下1层', '35kV/0.4kV', 3, '2019-07-30', 'USER-011', '0769-77777777'),
('PD-10kV-008', '食堂配电房', 'XX园区食堂2层', '10kV/0.4kV', 1, '2022-08-10', 'USER-012', '13100131000'),
('PD-10kV-009', '综合楼配电房', 'XX园区综合楼1层', '10kV/0.4kV', 2, '2023-04-15', 'USER-013', '13000130000'),
('PD-10kV-010', '实验楼配电房', 'XX园区实验楼地下1层', '10kV/0.4kV', 1, '2021-07-05', 'USER-014', '023-55555555'),
('PD-35kV-005', '备用配电房', 'XX园区备用区1层', '35kV/0.4kV', 2, '2020-09-18', 'USER-015', '18900189000'),
('PD-10kV-011', '门卫室配电房', 'XX园区门卫室1层', '10kV/0.4kV', 1, '2022-11-22', 'USER-016', '18800188000'),
('PD-10kV-012', '停车场配电房', 'XX园区停车场地下1层', '10kV/0.4kV', 1, '2023-02-08', 'USER-017', '028-44444444'),
('PD-35kV-006', '高压配电房', 'XX园区高压区2层', '35kV/0.4kV', 4, '2018-12-10', 'USER-018', '18700187000'),
('PD-10kV-013', '生活区配电房', 'XX园区生活区3层', '10kV/0.4kV', 2, '2021-04-16', 'USER-019', '18600186000'),
('PD-10kV-014', '办公区配电房', 'XX园区办公区2层', '10kV/0.4kV', 1, '2022-07-28', 'USER-020', '027-33333333');
INSERT INTO circuit_monitor_data (数据编号, 配电房编号, 回路编号, 采集时间, 电压kV, 电流A, 有功功率kW, 无功功率kVar, 功率因数, 正向有功电量kWh, 反向有功电量kWh, 开关状态, 电缆头温度℃, 电容器温度℃) VALUES
('HL-001-202511271430', 'PD-35kV-001', 'L1', '2025-11-27 14:30:00', 35.20, 580.50, 380.20, 180.50, 0.92, 125689.50, 5890.20, '合闸', 85.5, 60.2),
('HL-002-202511271430', 'PD-10kV-001', 'L2', '2025-11-27 14:30:00', 0.40, 450.80, 320.50, 150.20, 0.91, 98756.30, 4560.80, '合闸', 78.3, 58.5),
('HL-003-202511271435', 'PD-10kV-002', 'L1', '2025-11-27 14:35:00', 0.39, 320.60, 210.80, 98.50, 0.93, 78954.20, 3200.50, '合闸', 75.1, 55.8),
('HL-004-202511271435', 'PD-35kV-002', 'L3', '2025-11-27 14:35:00', 36.00, 610.20, 395.80, 185.60, 0.90, 156897.40, 7200.30, '合闸', 88.2, 62.1),
('HL-005-202511271440', 'PD-10kV-003', 'L2', '2025-11-27 14:40:00', 0.41, 480.30, 340.60, 160.80, 0.92, 105689.70, 4890.60, '合闸', 80.5, 59.3),
('HL-006-202511271440', 'PD-10kV-004', 'L1', '2025-11-27 14:40:00', 0.38, 250.70, 160.30, 75.80, 0.94, 65897.20, 2890.40, '合闸', 72.8, 54.6),
('HL-007-202511271445', 'PD-35kV-003', 'L4', '2025-11-27 14:45:00', 35.80, 590.80, 385.50, 178.60, 0.91, 189568.30, 8560.70, '合闸', 89.1, 63.2),
('HL-008-202511271445', 'PD-10kV-005', 'L3', '2025-11-27 14:45:00', 0.40, 420.90, 290.70, 135.80, 0.93, 89754.60, 4050.90, '合闸', 77.6, 57.8),
('HL-009-202511271450', 'PD-10kV-006', 'L2', '2025-11-27 14:50:00', 0.41, 510.40, 350.80, 165.90, 0.90, 112589.40, 5120.80, '合闸', 82.3, 60.5),
('HL-010-202511271450', 'PD-10kV-007', 'L1', '2025-11-27 14:50:00', 0.39, 380.70, 250.40, 118.20, 0.92, 75896.30, 3560.40, '合闸', 76.8, 56.9),
('HL-011-202511271455', 'PD-35kV-004', 'L5', '2025-11-27 14:55:00', 35.50, 620.80, 398.60, 188.50, 0.91, 168975.20, 7890.60, '合闸', 90.2, 64.1),
('HL-012-202511271455', 'PD-10kV-008', 'L1', '2025-11-27 14:55:00', 0.40, 220.50, 140.70, 65.80, 0.94, 58963.40, 2560.70, '合闸', 71.5, 53.8),
('HL-013-202511271500', 'PD-10kV-009', 'L2', '2025-11-27 15:00:00', 0.41, 460.80, 310.90, 145.60, 0.92, 95687.80, 4320.90, '合闸', 79.8, 58.7),
('HL-014-202511271500', 'PD-10kV-010', 'L1', '2025-11-27 15:00:00', 0.38, 280.60, 180.50, 85.20, 0.93, 68975.30, 3050.80, '合闸', 74.2, 55.1),
('HL-015-202511271505', 'PD-35kV-005', 'L3', '2025-11-27 15:05:00', 36.20, 570.90, 370.80, 175.60, 0.90, 145896.70, 6890.50, '合闸', 87.5, 61.8),
('HL-016-202511271505', 'PD-10kV-011', 'L1', '2025-11-27 15:05:00', 0.40, 180.70, 110.60, 52.80, 0.95, 45896.20, 2050.30, '合闸', 70.3, 52.6),
('HL-017-202511271510', 'PD-10kV-012', 'L1', '2025-11-27 15:10:00', 0.39, 240.80, 150.90, 70.50, 0.94, 56897.40, 2680.60, '合闸', 73.5, 54.2),
('HL-018-202511271510', 'PD-35kV-006', 'L4', '2025-11-27 15:10:00', 35.70, 600.50, 388.90, 182.40, 0.91, 178965.30, 8250.90, '合闸', 88.8, 62.7),
('HL-019-202511271515', 'PD-10kV-013', 'L2', '2025-11-27 15:15:00', 0.41, 400.60, 270.80, 128.50, 0.92, 89654.70, 4080.50, '合闸', 78.6, 57.4),
('HL-020-202511271515', 'PD-10kV-014', 'L1', '2025-11-27 15:15:00', 0.38, 300.90, 190.70, 90.80, 0.93, 72895.60, 3280.70, '合闸', 75.8, 56.3);
INSERT INTO transformer_monitor_data (数据编号, 配电房编号, 变压器编号, 采集时间, 负载率, 绕组温度℃, 铁芯温度℃, 环境温度℃, 环境湿度, 运行状态) VALUES
('BYSQ-001-202511271430', 'PD-35kV-001', 'BYSQ-001', '2025-11-27 14:30:00', 75.50, 80.2, 75.5, 25.5, 55.0, '正常'),
('BYSQ-002-202511271430', 'PD-10kV-001', 'BYSQ-002', '2025-11-27 14:30:00', 68.80, 78.5, 72.8, 26.8, 58.5, '正常'),
('BYSQ-003-202511271445', 'PD-10kV-002', 'BYSQ-003', '2025-11-27 14:45:00', 72.30, 76.9, 71.2, 24.2, 60.2, '正常'),
('BYSQ-004-202511271445', 'PD-35kV-002', 'BYSQ-004', '2025-11-27 14:45:00', 78.60, 82.5, 77.8, 27.5, 52.8, '正常'),
('BYSQ-005-202511271500', 'PD-10kV-003', 'BYSQ-005', '2025-11-27 15:00:00', 65.90, 75.8, 70.1, 23.8, 62.5, '正常'),
('BYSQ-006-202511271500', 'PD-10kV-004', 'BYSQ-006', '2025-11-27 15:00:00', 70.50, 77.3, 71.8, 25.8, 59.0, '正常'),
('BYSQ-007-202511271515', 'PD-35kV-003', 'BYSQ-007', '2025-11-27 15:15:00', 80.20, 83.6, 78.9, 28.2, 50.5, '正常'),
('BYSQ-008-202511271515', 'PD-10kV-005', 'BYSQ-008', '2025-11-27 15:15:00', 69.70, 79.1, 73.5, 24.9, 61.8, '正常'),
('BYSQ-009-202511271530', 'PD-10kV-006', 'BYSQ-009', '2025-11-27 15:30:00', 76.80, 81.5, 76.2, 26.5, 57.3, '正常'),
('BYSQ-010-202511271530', 'PD-10kV-007', 'BYSQ-010', '2025-11-27 15:30:00', 73.20, 78.8, 73.1, 25.2, 58.9, '正常'),
('BYSQ-011-202511271545', 'PD-35kV-004', 'BYSQ-011', '2025-11-27 15:45:00', 79.50, 84.2, 79.5, 27.8, 51.8, '正常'),
('BYSQ-012-202511271545', 'PD-10kV-008', 'BYSQ-012', '2025-11-27 15:45:00', 67.40, 76.5, 70.8, 23.5, 63.2, '正常'),
('BYSQ-013-202511271600', 'PD-10kV-009', 'BYSQ-013', '2025-11-27 16:00:00', 71.80, 78.2, 72.5, 26.1, 59.8, '正常'),
('BYSQ-014-202511271600', 'PD-10kV-010', 'BYSQ-014', '2025-11-27 16:00:00', 66.50, 75.2, 69.8, 24.5, 61.5, '正常'),
('BYSQ-015-202511271615', 'PD-35kV-005', 'BYSQ-015', '2025-11-27 16:15:00', 77.90, 82.8, 77.2, 27.2, 53.5, '正常'),
('BYSQ-016-202511271615', 'PD-10kV-011', 'BYSQ-016', '2025-11-27 16:15:00', 65.20, 74.8, 69.2, 22.8, 64.0, '正常'),
('BYSQ-017-202511271630', 'PD-10kV-012', 'BYSQ-017', '2025-11-27 16:30:00', 69.30, 77.8, 72.1, 25.5, 60.5, '正常'),
('BYSQ-018-202511271630', 'PD-35kV-006', 'BYSQ-018', '2025-11-27 16:30:00', 81.00, 85.0, 79.8, 28.5, 50.0, '异常'),
('BYSQ-019-202511271645', 'PD-10kV-013', 'BYSQ-019', '2025-11-27 16:45:00', 74.60, 79.5, 73.8, 26.8, 58.2, '正常'),
('BYSQ-020-202511271645', 'PD-10kV-014', 'BYSQ-020', '2025-11-27 16:45:00', 72.50, 78.0, 72.3, 24.8, 62.0, '正常');